,Bat Outcome,player,year
0,0,Yuli Gurriel,2016
1,0,Yuli Gurriel,2016
2,0,Yuli Gurriel,2016
3,0,Yuli Gurriel,2016
4,0,Yuli Gurriel,2016
5,0,Yuli Gurriel,2016
6,0,Yuli Gurriel,2016
7,0,Yuli Gurriel,2016
8,1,Yuli Gurriel,2016
9,0,Yuli Gurriel,2016
10,0,Yuli Gurriel,2016
11,0,Yuli Gurriel,2016
12,0,Yuli Gurriel,2016
13,1,Yuli Gurriel,2016
14,0,Yuli Gurriel,2016
15,1,Yuli Gurriel,2016
16,0,Yuli Gurriel,2016
17,0,Yuli Gurriel,2016
18,0,Yuli Gurriel,2016
19,0,Yuli Gurriel,2016
20,0,Yuli Gurriel,2016
21,0,Yuli Gurriel,2016
22,1,Yuli Gurriel,2016
23,0,Yuli Gurriel,2016
24,0,Yuli Gurriel,2016
25,1,Yuli Gurriel,2016
26,0,Yuli Gurriel,2016
27,1,Yuli Gurriel,2016
28,0,Yuli Gurriel,2016
29,0,Yuli Gurriel,2016
30,0,Yuli Gurriel,2016
31,1,Yuli Gurriel,2016
32,0,Yuli Gurriel,2016
33,1,Yuli Gurriel,2016
34,0,Yuli Gurriel,2016
35,0,Yuli Gurriel,2016
36,0,Yuli Gurriel,2016
37,0,Yuli Gurriel,2016
38,0,Yuli Gurriel,2016
39,1,Yuli Gurriel,2016
40,1,Yuli Gurriel,2016
41,0,Yuli Gurriel,2016
42,0,Yuli Gurriel,2016
43,0,Yuli Gurriel,2016
44,1,Yuli Gurriel,2016
45,0,Yuli Gurriel,2016
46,1,Yuli Gurriel,2016
47,0,Yuli Gurriel,2016
48,0,Yuli Gurriel,2016
49,0,Yuli Gurriel,2016
50,1,Yuli Gurriel,2016
51,1,Yuli Gurriel,2016
52,0,Yuli Gurriel,2016
53,0,Yuli Gurriel,2016
54,0,Yuli Gurriel,2016
55,1,Yuli Gurriel,2016
56,0,Yuli Gurriel,2016
57,0,Yuli Gurriel,2016
58,0,Yuli Gurriel,2016
59,0,Yuli Gurriel,2016
60,0,Yuli Gurriel,2016
61,1,Yuli Gurriel,2016
62,0,Yuli Gurriel,2016
63,0,Yuli Gurriel,2016
64,0,Yuli Gurriel,2016
65,1,Yuli Gurriel,2016
66,1,Yuli Gurriel,2016
67,0,Yuli Gurriel,2016
68,0,Yuli Gurriel,2016
69,0,Yuli Gurriel,2016
70,1,Yuli Gurriel,2016
71,0,Yuli Gurriel,2016
72,0,Yuli Gurriel,2016
73,0,Yuli Gurriel,2016
74,1,Yuli Gurriel,2016
75,1,Yuli Gurriel,2016
76,0,Yuli Gurriel,2016
77,1,Yuli Gurriel,2016
78,1,Yuli Gurriel,2016
79,0,Yuli Gurriel,2016
80,0,Yuli Gurriel,2016
81,0,Yuli Gurriel,2016
82,0,Yuli Gurriel,2016
83,1,Yuli Gurriel,2016
84,1,Yuli Gurriel,2016
85,0,Yuli Gurriel,2016
86,1,Yuli Gurriel,2016
87,0,Yuli Gurriel,2016
88,0,Yuli Gurriel,2016
89,0,Yuli Gurriel,2016
90,1,Yuli Gurriel,2016
91,0,Yuli Gurriel,2016
92,1,Yuli Gurriel,2016
93,0,Yuli Gurriel,2016
94,0,Yuli Gurriel,2016
95,0,Yuli Gurriel,2016
96,1,Yuli Gurriel,2016
97,0,Yuli Gurriel,2016
98,1,Yuli Gurriel,2016
99,0,Yuli Gurriel,2016
100,0,Yuli Gurriel,2016
101,0,Yuli Gurriel,2016
102,0,Yuli Gurriel,2016
103,0,Yuli Gurriel,2016
104,0,Yuli Gurriel,2016
105,0,Yuli Gurriel,2016
106,0,Yuli Gurriel,2016
107,0,Yuli Gurriel,2016
108,0,Yuli Gurriel,2016
109,0,Yuli Gurriel,2016
110,0,Yuli Gurriel,2016
111,0,Yuli Gurriel,2016
112,0,Yuli Gurriel,2016
113,0,Yuli Gurriel,2016
114,0,Yuli Gurriel,2016
115,1,Yuli Gurriel,2016
116,1,Yuli Gurriel,2016
117,0,Yuli Gurriel,2016
118,0,Yuli Gurriel,2016
119,0,Yuli Gurriel,2016
120,0,Yuli Gurriel,2016
121,0,Yuli Gurriel,2016
122,0,Yuli Gurriel,2016
123,1,Yuli Gurriel,2016
124,0,Yuli Gurriel,2016
125,0,Yuli Gurriel,2016
126,0,Yuli Gurriel,2016
127,1,Yuli Gurriel,2016
128,0,Yuli Gurriel,2016
129,0,Yuli Gurriel,2016
0,0,Yuli Gurriel,2017
1,0,Yuli Gurriel,2017
2,0,Yuli Gurriel,2017
3,0,Yuli Gurriel,2017
4,0,Yuli Gurriel,2017
5,0,Yuli Gurriel,2017
6,0,Yuli Gurriel,2017
7,0,Yuli Gurriel,2017
8,0,Yuli Gurriel,2017
9,0,Yuli Gurriel,2017
10,0,Yuli Gurriel,2017
11,1,Yuli Gurriel,2017
12,0,Yuli Gurriel,2017
13,0,Yuli Gurriel,2017
14,0,Yuli Gurriel,2017
15,0,Yuli Gurriel,2017
16,1,Yuli Gurriel,2017
17,0,Yuli Gurriel,2017
18,0,Yuli Gurriel,2017
19,0,Yuli Gurriel,2017
20,0,Yuli Gurriel,2017
21,0,Yuli Gurriel,2017
22,1,Yuli Gurriel,2017
23,0,Yuli Gurriel,2017
24,0,Yuli Gurriel,2017
25,0,Yuli Gurriel,2017
26,1,Yuli Gurriel,2017
27,0,Yuli Gurriel,2017
28,0,Yuli Gurriel,2017
29,0,Yuli Gurriel,2017
30,0,Yuli Gurriel,2017
31,0,Yuli Gurriel,2017
32,0,Yuli Gurriel,2017
33,1,Yuli Gurriel,2017
34,0,Yuli Gurriel,2017
35,0,Yuli Gurriel,2017
36,0,Yuli Gurriel,2017
37,0,Yuli Gurriel,2017
38,1,Yuli Gurriel,2017
39,0,Yuli Gurriel,2017
40,0,Yuli Gurriel,2017
41,0,Yuli Gurriel,2017
42,0,Yuli Gurriel,2017
43,0,Yuli Gurriel,2017
44,1,Yuli Gurriel,2017
45,0,Yuli Gurriel,2017
46,0,Yuli Gurriel,2017
47,0,Yuli Gurriel,2017
48,0,Yuli Gurriel,2017
49,0,Yuli Gurriel,2017
50,0,Yuli Gurriel,2017
51,0,Yuli Gurriel,2017
52,0,Yuli Gurriel,2017
53,1,Yuli Gurriel,2017
54,0,Yuli Gurriel,2017
55,0,Yuli Gurriel,2017
56,0,Yuli Gurriel,2017
57,0,Yuli Gurriel,2017
58,0,Yuli Gurriel,2017
59,0,Yuli Gurriel,2017
60,1,Yuli Gurriel,2017
61,0,Yuli Gurriel,2017
62,0,Yuli Gurriel,2017
63,0,Yuli Gurriel,2017
64,0,Yuli Gurriel,2017
65,1,Yuli Gurriel,2017
66,1,Yuli Gurriel,2017
67,0,Yuli Gurriel,2017
68,0,Yuli Gurriel,2017
69,0,Yuli Gurriel,2017
70,0,Yuli Gurriel,2017
71,1,Yuli Gurriel,2017
72,0,Yuli Gurriel,2017
73,0,Yuli Gurriel,2017
74,0,Yuli Gurriel,2017
75,0,Yuli Gurriel,2017
76,0,Yuli Gurriel,2017
77,1,Yuli Gurriel,2017
78,0,Yuli Gurriel,2017
79,1,Yuli Gurriel,2017
80,0,Yuli Gurriel,2017
81,0,Yuli Gurriel,2017
82,0,Yuli Gurriel,2017
83,0,Yuli Gurriel,2017
84,1,Yuli Gurriel,2017
85,0,Yuli Gurriel,2017
86,0,Yuli Gurriel,2017
87,0,Yuli Gurriel,2017
88,0,Yuli Gurriel,2017
89,0,Yuli Gurriel,2017
90,0,Yuli Gurriel,2017
91,1,Yuli Gurriel,2017
92,1,Yuli Gurriel,2017
93,0,Yuli Gurriel,2017
94,0,Yuli Gurriel,2017
95,1,Yuli Gurriel,2017
96,0,Yuli Gurriel,2017
97,0,Yuli Gurriel,2017
98,0,Yuli Gurriel,2017
99,0,Yuli Gurriel,2017
100,0,Yuli Gurriel,2017
101,1,Yuli Gurriel,2017
102,0,Yuli Gurriel,2017
103,0,Yuli Gurriel,2017
104,0,Yuli Gurriel,2017
105,1,Yuli Gurriel,2017
106,1,Yuli Gurriel,2017
107,1,Yuli Gurriel,2017
108,0,Yuli Gurriel,2017
109,0,Yuli Gurriel,2017
110,0,Yuli Gurriel,2017
111,0,Yuli Gurriel,2017
112,0,Yuli Gurriel,2017
113,0,Yuli Gurriel,2017
114,1,Yuli Gurriel,2017
115,1,Yuli Gurriel,2017
116,0,Yuli Gurriel,2017
117,0,Yuli Gurriel,2017
118,1,Yuli Gurriel,2017
119,1,Yuli Gurriel,2017
120,1,Yuli Gurriel,2017
121,1,Yuli Gurriel,2017
122,0,Yuli Gurriel,2017
123,0,Yuli Gurriel,2017
124,0,Yuli Gurriel,2017
125,0,Yuli Gurriel,2017
126,1,Yuli Gurriel,2017
127,0,Yuli Gurriel,2017
128,0,Yuli Gurriel,2017
129,0,Yuli Gurriel,2017
130,0,Yuli Gurriel,2017
131,0,Yuli Gurriel,2017
132,0,Yuli Gurriel,2017
133,0,Yuli Gurriel,2017
134,1,Yuli Gurriel,2017
135,1,Yuli Gurriel,2017
136,0,Yuli Gurriel,2017
137,0,Yuli Gurriel,2017
138,0,Yuli Gurriel,2017
139,0,Yuli Gurriel,2017
140,0,Yuli Gurriel,2017
141,0,Yuli Gurriel,2017
142,0,Yuli Gurriel,2017
143,0,Yuli Gurriel,2017
144,0,Yuli Gurriel,2017
145,1,Yuli Gurriel,2017
146,1,Yuli Gurriel,2017
147,0,Yuli Gurriel,2017
148,1,Yuli Gurriel,2017
149,1,Yuli Gurriel,2017
150,0,Yuli Gurriel,2017
151,0,Yuli Gurriel,2017
152,0,Yuli Gurriel,2017
153,1,Yuli Gurriel,2017
154,1,Yuli Gurriel,2017
155,0,Yuli Gurriel,2017
156,0,Yuli Gurriel,2017
157,1,Yuli Gurriel,2017
158,1,Yuli Gurriel,2017
159,0,Yuli Gurriel,2017
160,0,Yuli Gurriel,2017
161,0,Yuli Gurriel,2017
162,1,Yuli Gurriel,2017
163,1,Yuli Gurriel,2017
164,0,Yuli Gurriel,2017
165,1,Yuli Gurriel,2017
166,1,Yuli Gurriel,2017
167,1,Yuli Gurriel,2017
168,0,Yuli Gurriel,2017
169,0,Yuli Gurriel,2017
170,1,Yuli Gurriel,2017
171,1,Yuli Gurriel,2017
172,1,Yuli Gurriel,2017
173,0,Yuli Gurriel,2017
174,0,Yuli Gurriel,2017
175,1,Yuli Gurriel,2017
176,0,Yuli Gurriel,2017
177,0,Yuli Gurriel,2017
178,0,Yuli Gurriel,2017
179,0,Yuli Gurriel,2017
180,1,Yuli Gurriel,2017
181,0,Yuli Gurriel,2017
182,1,Yuli Gurriel,2017
183,0,Yuli Gurriel,2017
184,1,Yuli Gurriel,2017
185,0,Yuli Gurriel,2017
186,0,Yuli Gurriel,2017
187,1,Yuli Gurriel,2017
188,0,Yuli Gurriel,2017
189,0,Yuli Gurriel,2017
190,0,Yuli Gurriel,2017
191,1,Yuli Gurriel,2017
192,1,Yuli Gurriel,2017
193,0,Yuli Gurriel,2017
194,0,Yuli Gurriel,2017
195,0,Yuli Gurriel,2017
196,0,Yuli Gurriel,2017
197,1,Yuli Gurriel,2017
198,0,Yuli Gurriel,2017
199,0,Yuli Gurriel,2017
200,1,Yuli Gurriel,2017
201,0,Yuli Gurriel,2017
202,0,Yuli Gurriel,2017
203,0,Yuli Gurriel,2017
204,0,Yuli Gurriel,2017
205,0,Yuli Gurriel,2017
206,0,Yuli Gurriel,2017
207,0,Yuli Gurriel,2017
208,1,Yuli Gurriel,2017
209,0,Yuli Gurriel,2017
210,1,Yuli Gurriel,2017
211,0,Yuli Gurriel,2017
212,0,Yuli Gurriel,2017
213,0,Yuli Gurriel,2017
214,0,Yuli Gurriel,2017
215,1,Yuli Gurriel,2017
216,1,Yuli Gurriel,2017
217,0,Yuli Gurriel,2017
218,0,Yuli Gurriel,2017
219,0,Yuli Gurriel,2017
220,0,Yuli Gurriel,2017
221,0,Yuli Gurriel,2017
222,1,Yuli Gurriel,2017
223,1,Yuli Gurriel,2017
224,1,Yuli Gurriel,2017
225,1,Yuli Gurriel,2017
226,0,Yuli Gurriel,2017
227,1,Yuli Gurriel,2017
228,1,Yuli Gurriel,2017
229,0,Yuli Gurriel,2017
230,1,Yuli Gurriel,2017
231,0,Yuli Gurriel,2017
232,0,Yuli Gurriel,2017
233,0,Yuli Gurriel,2017
234,0,Yuli Gurriel,2017
235,1,Yuli Gurriel,2017
236,1,Yuli Gurriel,2017
237,0,Yuli Gurriel,2017
238,0,Yuli Gurriel,2017
239,1,Yuli Gurriel,2017
240,0,Yuli Gurriel,2017
241,0,Yuli Gurriel,2017
242,0,Yuli Gurriel,2017
243,1,Yuli Gurriel,2017
244,0,Yuli Gurriel,2017
245,0,Yuli Gurriel,2017
246,0,Yuli Gurriel,2017
247,0,Yuli Gurriel,2017
248,0,Yuli Gurriel,2017
249,1,Yuli Gurriel,2017
250,0,Yuli Gurriel,2017
251,0,Yuli Gurriel,2017
252,1,Yuli Gurriel,2017
253,1,Yuli Gurriel,2017
254,0,Yuli Gurriel,2017
255,0,Yuli Gurriel,2017
256,0,Yuli Gurriel,2017
257,0,Yuli Gurriel,2017
258,0,Yuli Gurriel,2017
259,1,Yuli Gurriel,2017
260,0,Yuli Gurriel,2017
261,1,Yuli Gurriel,2017
262,0,Yuli Gurriel,2017
263,0,Yuli Gurriel,2017
264,0,Yuli Gurriel,2017
265,0,Yuli Gurriel,2017
266,1,Yuli Gurriel,2017
267,1,Yuli Gurriel,2017
268,0,Yuli Gurriel,2017
269,0,Yuli Gurriel,2017
270,1,Yuli Gurriel,2017
271,0,Yuli Gurriel,2017
272,0,Yuli Gurriel,2017
273,0,Yuli Gurriel,2017
274,0,Yuli Gurriel,2017
275,0,Yuli Gurriel,2017
276,1,Yuli Gurriel,2017
277,0,Yuli Gurriel,2017
278,0,Yuli Gurriel,2017
279,0,Yuli Gurriel,2017
280,0,Yuli Gurriel,2017
281,1,Yuli Gurriel,2017
282,0,Yuli Gurriel,2017
283,0,Yuli Gurriel,2017
284,0,Yuli Gurriel,2017
285,0,Yuli Gurriel,2017
286,1,Yuli Gurriel,2017
287,0,Yuli Gurriel,2017
288,1,Yuli Gurriel,2017
289,1,Yuli Gurriel,2017
290,0,Yuli Gurriel,2017
291,0,Yuli Gurriel,2017
292,0,Yuli Gurriel,2017
293,0,Yuli Gurriel,2017
294,0,Yuli Gurriel,2017
295,0,Yuli Gurriel,2017
296,0,Yuli Gurriel,2017
297,0,Yuli Gurriel,2017
298,1,Yuli Gurriel,2017
299,0,Yuli Gurriel,2017
300,0,Yuli Gurriel,2017
301,0,Yuli Gurriel,2017
302,0,Yuli Gurriel,2017
303,1,Yuli Gurriel,2017
304,1,Yuli Gurriel,2017
305,1,Yuli Gurriel,2017
306,0,Yuli Gurriel,2017
307,1,Yuli Gurriel,2017
308,0,Yuli Gurriel,2017
309,0,Yuli Gurriel,2017
310,1,Yuli Gurriel,2017
311,0,Yuli Gurriel,2017
312,1,Yuli Gurriel,2017
313,0,Yuli Gurriel,2017
314,0,Yuli Gurriel,2017
315,0,Yuli Gurriel,2017
316,0,Yuli Gurriel,2017
317,0,Yuli Gurriel,2017
318,0,Yuli Gurriel,2017
319,0,Yuli Gurriel,2017
320,0,Yuli Gurriel,2017
321,0,Yuli Gurriel,2017
322,0,Yuli Gurriel,2017
323,0,Yuli Gurriel,2017
324,0,Yuli Gurriel,2017
325,0,Yuli Gurriel,2017
326,0,Yuli Gurriel,2017
327,1,Yuli Gurriel,2017
328,0,Yuli Gurriel,2017
329,0,Yuli Gurriel,2017
330,0,Yuli Gurriel,2017
331,0,Yuli Gurriel,2017
332,1,Yuli Gurriel,2017
333,0,Yuli Gurriel,2017
334,0,Yuli Gurriel,2017
335,0,Yuli Gurriel,2017
336,1,Yuli Gurriel,2017
337,0,Yuli Gurriel,2017
338,1,Yuli Gurriel,2017
339,0,Yuli Gurriel,2017
340,0,Yuli Gurriel,2017
341,1,Yuli Gurriel,2017
342,0,Yuli Gurriel,2017
343,1,Yuli Gurriel,2017
344,1,Yuli Gurriel,2017
345,0,Yuli Gurriel,2017
346,0,Yuli Gurriel,2017
347,1,Yuli Gurriel,2017
348,1,Yuli Gurriel,2017
349,0,Yuli Gurriel,2017
350,0,Yuli Gurriel,2017
351,0,Yuli Gurriel,2017
352,1,Yuli Gurriel,2017
353,1,Yuli Gurriel,2017
354,1,Yuli Gurriel,2017
355,0,Yuli Gurriel,2017
356,0,Yuli Gurriel,2017
357,1,Yuli Gurriel,2017
358,0,Yuli Gurriel,2017
359,0,Yuli Gurriel,2017
360,0,Yuli Gurriel,2017
361,1,Yuli Gurriel,2017
362,1,Yuli Gurriel,2017
363,1,Yuli Gurriel,2017
364,1,Yuli Gurriel,2017
365,0,Yuli Gurriel,2017
366,0,Yuli Gurriel,2017
367,1,Yuli Gurriel,2017
368,0,Yuli Gurriel,2017
369,1,Yuli Gurriel,2017
370,0,Yuli Gurriel,2017
371,0,Yuli Gurriel,2017
372,0,Yuli Gurriel,2017
373,1,Yuli Gurriel,2017
374,0,Yuli Gurriel,2017
375,0,Yuli Gurriel,2017
376,0,Yuli Gurriel,2017
377,1,Yuli Gurriel,2017
378,0,Yuli Gurriel,2017
379,1,Yuli Gurriel,2017
380,1,Yuli Gurriel,2017
381,0,Yuli Gurriel,2017
382,1,Yuli Gurriel,2017
383,1,Yuli Gurriel,2017
384,0,Yuli Gurriel,2017
385,0,Yuli Gurriel,2017
386,0,Yuli Gurriel,2017
387,0,Yuli Gurriel,2017
388,1,Yuli Gurriel,2017
389,0,Yuli Gurriel,2017
390,1,Yuli Gurriel,2017
391,0,Yuli Gurriel,2017
392,1,Yuli Gurriel,2017
393,0,Yuli Gurriel,2017
394,0,Yuli Gurriel,2017
395,1,Yuli Gurriel,2017
396,0,Yuli Gurriel,2017
397,0,Yuli Gurriel,2017
398,1,Yuli Gurriel,2017
399,1,Yuli Gurriel,2017
400,0,Yuli Gurriel,2017
401,1,Yuli Gurriel,2017
402,0,Yuli Gurriel,2017
403,0,Yuli Gurriel,2017
404,0,Yuli Gurriel,2017
405,1,Yuli Gurriel,2017
406,0,Yuli Gurriel,2017
407,0,Yuli Gurriel,2017
408,0,Yuli Gurriel,2017
409,0,Yuli Gurriel,2017
410,0,Yuli Gurriel,2017
411,1,Yuli Gurriel,2017
412,0,Yuli Gurriel,2017
413,0,Yuli Gurriel,2017
414,1,Yuli Gurriel,2017
415,1,Yuli Gurriel,2017
416,1,Yuli Gurriel,2017
417,0,Yuli Gurriel,2017
418,0,Yuli Gurriel,2017
419,0,Yuli Gurriel,2017
420,1,Yuli Gurriel,2017
421,1,Yuli Gurriel,2017
422,0,Yuli Gurriel,2017
423,1,Yuli Gurriel,2017
424,0,Yuli Gurriel,2017
425,0,Yuli Gurriel,2017
426,0,Yuli Gurriel,2017
427,0,Yuli Gurriel,2017
428,0,Yuli Gurriel,2017
429,1,Yuli Gurriel,2017
430,0,Yuli Gurriel,2017
431,0,Yuli Gurriel,2017
432,0,Yuli Gurriel,2017
433,0,Yuli Gurriel,2017
434,0,Yuli Gurriel,2017
435,0,Yuli Gurriel,2017
436,0,Yuli Gurriel,2017
437,0,Yuli Gurriel,2017
438,0,Yuli Gurriel,2017
439,0,Yuli Gurriel,2017
440,1,Yuli Gurriel,2017
441,0,Yuli Gurriel,2017
442,1,Yuli Gurriel,2017
443,0,Yuli Gurriel,2017
444,0,Yuli Gurriel,2017
445,0,Yuli Gurriel,2017
446,0,Yuli Gurriel,2017
447,0,Yuli Gurriel,2017
448,0,Yuli Gurriel,2017
449,1,Yuli Gurriel,2017
450,1,Yuli Gurriel,2017
451,1,Yuli Gurriel,2017
452,1,Yuli Gurriel,2017
453,1,Yuli Gurriel,2017
454,0,Yuli Gurriel,2017
455,0,Yuli Gurriel,2017
456,0,Yuli Gurriel,2017
457,0,Yuli Gurriel,2017
458,1,Yuli Gurriel,2017
459,0,Yuli Gurriel,2017
460,1,Yuli Gurriel,2017
461,0,Yuli Gurriel,2017
462,1,Yuli Gurriel,2017
463,0,Yuli Gurriel,2017
464,0,Yuli Gurriel,2017
465,0,Yuli Gurriel,2017
466,0,Yuli Gurriel,2017
467,0,Yuli Gurriel,2017
468,0,Yuli Gurriel,2017
469,0,Yuli Gurriel,2017
470,0,Yuli Gurriel,2017
471,0,Yuli Gurriel,2017
472,0,Yuli Gurriel,2017
473,0,Yuli Gurriel,2017
474,0,Yuli Gurriel,2017
475,1,Yuli Gurriel,2017
476,1,Yuli Gurriel,2017
477,1,Yuli Gurriel,2017
478,0,Yuli Gurriel,2017
479,0,Yuli Gurriel,2017
480,0,Yuli Gurriel,2017
481,1,Yuli Gurriel,2017
482,0,Yuli Gurriel,2017
483,0,Yuli Gurriel,2017
484,1,Yuli Gurriel,2017
485,0,Yuli Gurriel,2017
486,0,Yuli Gurriel,2017
487,0,Yuli Gurriel,2017
488,1,Yuli Gurriel,2017
489,1,Yuli Gurriel,2017
490,0,Yuli Gurriel,2017
491,0,Yuli Gurriel,2017
492,0,Yuli Gurriel,2017
493,0,Yuli Gurriel,2017
494,0,Yuli Gurriel,2017
495,0,Yuli Gurriel,2017
496,0,Yuli Gurriel,2017
497,0,Yuli Gurriel,2017
498,0,Yuli Gurriel,2017
499,0,Yuli Gurriel,2017
500,1,Yuli Gurriel,2017
501,1,Yuli Gurriel,2017
502,0,Yuli Gurriel,2017
503,1,Yuli Gurriel,2017
504,0,Yuli Gurriel,2017
505,0,Yuli Gurriel,2017
506,1,Yuli Gurriel,2017
507,1,Yuli Gurriel,2017
508,0,Yuli Gurriel,2017
509,1,Yuli Gurriel,2017
510,1,Yuli Gurriel,2017
511,0,Yuli Gurriel,2017
512,0,Yuli Gurriel,2017
513,0,Yuli Gurriel,2017
514,0,Yuli Gurriel,2017
515,0,Yuli Gurriel,2017
516,0,Yuli Gurriel,2017
517,0,Yuli Gurriel,2017
518,1,Yuli Gurriel,2017
519,0,Yuli Gurriel,2017
520,0,Yuli Gurriel,2017
521,0,Yuli Gurriel,2017
522,0,Yuli Gurriel,2017
523,0,Yuli Gurriel,2017
524,0,Yuli Gurriel,2017
525,0,Yuli Gurriel,2017
526,1,Yuli Gurriel,2017
527,0,Yuli Gurriel,2017
528,0,Yuli Gurriel,2017
0,0,Yuli Gurriel,2018
1,0,Yuli Gurriel,2018
2,0,Yuli Gurriel,2018
3,0,Yuli Gurriel,2018
4,1,Yuli Gurriel,2018
5,1,Yuli Gurriel,2018
6,1,Yuli Gurriel,2018
7,1,Yuli Gurriel,2018
8,0,Yuli Gurriel,2018
9,0,Yuli Gurriel,2018
10,0,Yuli Gurriel,2018
11,0,Yuli Gurriel,2018
12,1,Yuli Gurriel,2018
13,1,Yuli Gurriel,2018
14,1,Yuli Gurriel,2018
15,0,Yuli Gurriel,2018
16,1,Yuli Gurriel,2018
17,1,Yuli Gurriel,2018
18,0,Yuli Gurriel,2018
19,1,Yuli Gurriel,2018
20,0,Yuli Gurriel,2018
21,0,Yuli Gurriel,2018
22,0,Yuli Gurriel,2018
23,0,Yuli Gurriel,2018
24,0,Yuli Gurriel,2018
25,0,Yuli Gurriel,2018
26,0,Yuli Gurriel,2018
27,0,Yuli Gurriel,2018
28,0,Yuli Gurriel,2018
29,0,Yuli Gurriel,2018
30,0,Yuli Gurriel,2018
31,1,Yuli Gurriel,2018
32,1,Yuli Gurriel,2018
33,1,Yuli Gurriel,2018
34,0,Yuli Gurriel,2018
35,0,Yuli Gurriel,2018
36,0,Yuli Gurriel,2018
37,0,Yuli Gurriel,2018
38,1,Yuli Gurriel,2018
39,0,Yuli Gurriel,2018
40,0,Yuli Gurriel,2018
41,0,Yuli Gurriel,2018
42,0,Yuli Gurriel,2018
43,0,Yuli Gurriel,2018
44,0,Yuli Gurriel,2018
45,1,Yuli Gurriel,2018
46,0,Yuli Gurriel,2018
47,0,Yuli Gurriel,2018
48,0,Yuli Gurriel,2018
49,0,Yuli Gurriel,2018
50,0,Yuli Gurriel,2018
51,0,Yuli Gurriel,2018
52,0,Yuli Gurriel,2018
53,0,Yuli Gurriel,2018
54,0,Yuli Gurriel,2018
55,0,Yuli Gurriel,2018
56,0,Yuli Gurriel,2018
57,1,Yuli Gurriel,2018
58,0,Yuli Gurriel,2018
59,0,Yuli Gurriel,2018
60,0,Yuli Gurriel,2018
61,0,Yuli Gurriel,2018
62,1,Yuli Gurriel,2018
63,0,Yuli Gurriel,2018
64,1,Yuli Gurriel,2018
65,0,Yuli Gurriel,2018
66,1,Yuli Gurriel,2018
67,0,Yuli Gurriel,2018
68,0,Yuli Gurriel,2018
69,0,Yuli Gurriel,2018
70,0,Yuli Gurriel,2018
71,0,Yuli Gurriel,2018
72,0,Yuli Gurriel,2018
73,0,Yuli Gurriel,2018
74,0,Yuli Gurriel,2018
75,0,Yuli Gurriel,2018
76,0,Yuli Gurriel,2018
77,1,Yuli Gurriel,2018
78,0,Yuli Gurriel,2018
79,0,Yuli Gurriel,2018
80,1,Yuli Gurriel,2018
81,0,Yuli Gurriel,2018
82,0,Yuli Gurriel,2018
83,0,Yuli Gurriel,2018
84,1,Yuli Gurriel,2018
85,0,Yuli Gurriel,2018
86,0,Yuli Gurriel,2018
87,0,Yuli Gurriel,2018
88,1,Yuli Gurriel,2018
89,0,Yuli Gurriel,2018
90,0,Yuli Gurriel,2018
91,1,Yuli Gurriel,2018
92,1,Yuli Gurriel,2018
93,1,Yuli Gurriel,2018
94,0,Yuli Gurriel,2018
95,0,Yuli Gurriel,2018
96,1,Yuli Gurriel,2018
97,0,Yuli Gurriel,2018
98,1,Yuli Gurriel,2018
99,0,Yuli Gurriel,2018
100,0,Yuli Gurriel,2018
101,1,Yuli Gurriel,2018
102,0,Yuli Gurriel,2018
103,1,Yuli Gurriel,2018
104,0,Yuli Gurriel,2018
105,0,Yuli Gurriel,2018
106,1,Yuli Gurriel,2018
107,1,Yuli Gurriel,2018
108,1,Yuli Gurriel,2018
109,0,Yuli Gurriel,2018
110,0,Yuli Gurriel,2018
111,0,Yuli Gurriel,2018
112,1,Yuli Gurriel,2018
113,1,Yuli Gurriel,2018
114,0,Yuli Gurriel,2018
115,0,Yuli Gurriel,2018
116,0,Yuli Gurriel,2018
117,0,Yuli Gurriel,2018
118,0,Yuli Gurriel,2018
119,0,Yuli Gurriel,2018
120,0,Yuli Gurriel,2018
121,1,Yuli Gurriel,2018
122,1,Yuli Gurriel,2018
123,1,Yuli Gurriel,2018
124,0,Yuli Gurriel,2018
125,0,Yuli Gurriel,2018
126,0,Yuli Gurriel,2018
127,0,Yuli Gurriel,2018
128,0,Yuli Gurriel,2018
129,0,Yuli Gurriel,2018
130,0,Yuli Gurriel,2018
131,0,Yuli Gurriel,2018
132,0,Yuli Gurriel,2018
133,0,Yuli Gurriel,2018
134,0,Yuli Gurriel,2018
135,0,Yuli Gurriel,2018
136,1,Yuli Gurriel,2018
137,0,Yuli Gurriel,2018
138,0,Yuli Gurriel,2018
139,1,Yuli Gurriel,2018
140,1,Yuli Gurriel,2018
141,0,Yuli Gurriel,2018
142,0,Yuli Gurriel,2018
143,0,Yuli Gurriel,2018
144,0,Yuli Gurriel,2018
145,0,Yuli Gurriel,2018
146,0,Yuli Gurriel,2018
147,0,Yuli Gurriel,2018
148,0,Yuli Gurriel,2018
149,0,Yuli Gurriel,2018
150,0,Yuli Gurriel,2018
151,0,Yuli Gurriel,2018
152,0,Yuli Gurriel,2018
153,1,Yuli Gurriel,2018
154,0,Yuli Gurriel,2018
155,1,Yuli Gurriel,2018
156,0,Yuli Gurriel,2018
157,0,Yuli Gurriel,2018
158,0,Yuli Gurriel,2018
159,1,Yuli Gurriel,2018
160,0,Yuli Gurriel,2018
161,0,Yuli Gurriel,2018
162,0,Yuli Gurriel,2018
163,0,Yuli Gurriel,2018
164,0,Yuli Gurriel,2018
165,0,Yuli Gurriel,2018
166,0,Yuli Gurriel,2018
167,0,Yuli Gurriel,2018
168,1,Yuli Gurriel,2018
169,0,Yuli Gurriel,2018
170,0,Yuli Gurriel,2018
171,0,Yuli Gurriel,2018
172,0,Yuli Gurriel,2018
173,0,Yuli Gurriel,2018
174,1,Yuli Gurriel,2018
175,0,Yuli Gurriel,2018
176,0,Yuli Gurriel,2018
177,0,Yuli Gurriel,2018
178,1,Yuli Gurriel,2018
179,1,Yuli Gurriel,2018
180,0,Yuli Gurriel,2018
181,1,Yuli Gurriel,2018
182,0,Yuli Gurriel,2018
183,0,Yuli Gurriel,2018
184,0,Yuli Gurriel,2018
185,0,Yuli Gurriel,2018
186,1,Yuli Gurriel,2018
187,0,Yuli Gurriel,2018
188,0,Yuli Gurriel,2018
189,0,Yuli Gurriel,2018
190,0,Yuli Gurriel,2018
191,0,Yuli Gurriel,2018
192,0,Yuli Gurriel,2018
193,1,Yuli Gurriel,2018
194,0,Yuli Gurriel,2018
195,1,Yuli Gurriel,2018
196,0,Yuli Gurriel,2018
197,0,Yuli Gurriel,2018
198,0,Yuli Gurriel,2018
199,0,Yuli Gurriel,2018
200,1,Yuli Gurriel,2018
201,1,Yuli Gurriel,2018
202,1,Yuli Gurriel,2018
203,1,Yuli Gurriel,2018
204,0,Yuli Gurriel,2018
205,0,Yuli Gurriel,2018
206,1,Yuli Gurriel,2018
207,1,Yuli Gurriel,2018
208,0,Yuli Gurriel,2018
209,0,Yuli Gurriel,2018
210,1,Yuli Gurriel,2018
211,1,Yuli Gurriel,2018
212,1,Yuli Gurriel,2018
213,1,Yuli Gurriel,2018
214,0,Yuli Gurriel,2018
215,0,Yuli Gurriel,2018
216,0,Yuli Gurriel,2018
217,0,Yuli Gurriel,2018
218,0,Yuli Gurriel,2018
219,1,Yuli Gurriel,2018
220,0,Yuli Gurriel,2018
221,0,Yuli Gurriel,2018
222,1,Yuli Gurriel,2018
223,0,Yuli Gurriel,2018
224,1,Yuli Gurriel,2018
225,0,Yuli Gurriel,2018
226,1,Yuli Gurriel,2018
227,0,Yuli Gurriel,2018
228,1,Yuli Gurriel,2018
229,0,Yuli Gurriel,2018
230,1,Yuli Gurriel,2018
231,0,Yuli Gurriel,2018
232,0,Yuli Gurriel,2018
233,0,Yuli Gurriel,2018
234,1,Yuli Gurriel,2018
235,1,Yuli Gurriel,2018
236,0,Yuli Gurriel,2018
237,0,Yuli Gurriel,2018
238,0,Yuli Gurriel,2018
239,0,Yuli Gurriel,2018
240,0,Yuli Gurriel,2018
241,0,Yuli Gurriel,2018
242,0,Yuli Gurriel,2018
243,0,Yuli Gurriel,2018
244,0,Yuli Gurriel,2018
245,1,Yuli Gurriel,2018
246,0,Yuli Gurriel,2018
247,0,Yuli Gurriel,2018
248,0,Yuli Gurriel,2018
249,0,Yuli Gurriel,2018
250,1,Yuli Gurriel,2018
251,0,Yuli Gurriel,2018
252,1,Yuli Gurriel,2018
253,0,Yuli Gurriel,2018
254,0,Yuli Gurriel,2018
255,1,Yuli Gurriel,2018
256,0,Yuli Gurriel,2018
257,1,Yuli Gurriel,2018
258,0,Yuli Gurriel,2018
259,0,Yuli Gurriel,2018
260,1,Yuli Gurriel,2018
261,0,Yuli Gurriel,2018
262,0,Yuli Gurriel,2018
263,0,Yuli Gurriel,2018
264,1,Yuli Gurriel,2018
265,0,Yuli Gurriel,2018
266,0,Yuli Gurriel,2018
267,0,Yuli Gurriel,2018
268,1,Yuli Gurriel,2018
269,0,Yuli Gurriel,2018
270,1,Yuli Gurriel,2018
271,1,Yuli Gurriel,2018
272,0,Yuli Gurriel,2018
273,0,Yuli Gurriel,2018
274,1,Yuli Gurriel,2018
275,1,Yuli Gurriel,2018
276,1,Yuli Gurriel,2018
277,1,Yuli Gurriel,2018
278,0,Yuli Gurriel,2018
279,0,Yuli Gurriel,2018
280,0,Yuli Gurriel,2018
281,1,Yuli Gurriel,2018
282,1,Yuli Gurriel,2018
283,0,Yuli Gurriel,2018
284,0,Yuli Gurriel,2018
285,0,Yuli Gurriel,2018
286,1,Yuli Gurriel,2018
287,1,Yuli Gurriel,2018
288,0,Yuli Gurriel,2018
289,1,Yuli Gurriel,2018
290,1,Yuli Gurriel,2018
291,1,Yuli Gurriel,2018
292,0,Yuli Gurriel,2018
293,0,Yuli Gurriel,2018
294,0,Yuli Gurriel,2018
295,0,Yuli Gurriel,2018
296,0,Yuli Gurriel,2018
297,0,Yuli Gurriel,2018
298,0,Yuli Gurriel,2018
299,1,Yuli Gurriel,2018
300,0,Yuli Gurriel,2018
301,1,Yuli Gurriel,2018
302,0,Yuli Gurriel,2018
303,1,Yuli Gurriel,2018
304,1,Yuli Gurriel,2018
305,0,Yuli Gurriel,2018
306,0,Yuli Gurriel,2018
307,1,Yuli Gurriel,2018
308,0,Yuli Gurriel,2018
309,0,Yuli Gurriel,2018
310,0,Yuli Gurriel,2018
311,1,Yuli Gurriel,2018
312,0,Yuli Gurriel,2018
313,0,Yuli Gurriel,2018
314,0,Yuli Gurriel,2018
315,0,Yuli Gurriel,2018
316,0,Yuli Gurriel,2018
317,0,Yuli Gurriel,2018
318,0,Yuli Gurriel,2018
319,0,Yuli Gurriel,2018
320,0,Yuli Gurriel,2018
321,0,Yuli Gurriel,2018
322,0,Yuli Gurriel,2018
323,0,Yuli Gurriel,2018
324,1,Yuli Gurriel,2018
325,0,Yuli Gurriel,2018
326,0,Yuli Gurriel,2018
327,0,Yuli Gurriel,2018
328,0,Yuli Gurriel,2018
329,0,Yuli Gurriel,2018
330,1,Yuli Gurriel,2018
331,1,Yuli Gurriel,2018
332,0,Yuli Gurriel,2018
333,0,Yuli Gurriel,2018
334,0,Yuli Gurriel,2018
335,0,Yuli Gurriel,2018
336,0,Yuli Gurriel,2018
337,0,Yuli Gurriel,2018
338,0,Yuli Gurriel,2018
339,0,Yuli Gurriel,2018
340,1,Yuli Gurriel,2018
341,1,Yuli Gurriel,2018
342,0,Yuli Gurriel,2018
343,1,Yuli Gurriel,2018
344,0,Yuli Gurriel,2018
345,1,Yuli Gurriel,2018
346,1,Yuli Gurriel,2018
347,0,Yuli Gurriel,2018
348,0,Yuli Gurriel,2018
349,0,Yuli Gurriel,2018
350,0,Yuli Gurriel,2018
351,0,Yuli Gurriel,2018
352,0,Yuli Gurriel,2018
353,1,Yuli Gurriel,2018
354,1,Yuli Gurriel,2018
355,1,Yuli Gurriel,2018
356,0,Yuli Gurriel,2018
357,0,Yuli Gurriel,2018
358,0,Yuli Gurriel,2018
359,0,Yuli Gurriel,2018
360,0,Yuli Gurriel,2018
361,0,Yuli Gurriel,2018
362,0,Yuli Gurriel,2018
363,1,Yuli Gurriel,2018
364,0,Yuli Gurriel,2018
365,0,Yuli Gurriel,2018
366,0,Yuli Gurriel,2018
367,0,Yuli Gurriel,2018
368,0,Yuli Gurriel,2018
369,0,Yuli Gurriel,2018
370,0,Yuli Gurriel,2018
371,0,Yuli Gurriel,2018
372,0,Yuli Gurriel,2018
373,1,Yuli Gurriel,2018
374,1,Yuli Gurriel,2018
375,0,Yuli Gurriel,2018
376,0,Yuli Gurriel,2018
377,0,Yuli Gurriel,2018
378,0,Yuli Gurriel,2018
379,0,Yuli Gurriel,2018
380,0,Yuli Gurriel,2018
381,0,Yuli Gurriel,2018
382,0,Yuli Gurriel,2018
383,0,Yuli Gurriel,2018
384,1,Yuli Gurriel,2018
385,0,Yuli Gurriel,2018
386,0,Yuli Gurriel,2018
387,0,Yuli Gurriel,2018
388,0,Yuli Gurriel,2018
389,1,Yuli Gurriel,2018
390,1,Yuli Gurriel,2018
391,0,Yuli Gurriel,2018
392,0,Yuli Gurriel,2018
393,0,Yuli Gurriel,2018
394,0,Yuli Gurriel,2018
395,0,Yuli Gurriel,2018
396,0,Yuli Gurriel,2018
397,0,Yuli Gurriel,2018
398,0,Yuli Gurriel,2018
399,0,Yuli Gurriel,2018
400,0,Yuli Gurriel,2018
401,1,Yuli Gurriel,2018
402,0,Yuli Gurriel,2018
403,0,Yuli Gurriel,2018
404,0,Yuli Gurriel,2018
405,0,Yuli Gurriel,2018
406,1,Yuli Gurriel,2018
407,1,Yuli Gurriel,2018
408,0,Yuli Gurriel,2018
409,0,Yuli Gurriel,2018
410,0,Yuli Gurriel,2018
411,1,Yuli Gurriel,2018
412,0,Yuli Gurriel,2018
413,1,Yuli Gurriel,2018
414,0,Yuli Gurriel,2018
415,0,Yuli Gurriel,2018
416,0,Yuli Gurriel,2018
417,0,Yuli Gurriel,2018
418,1,Yuli Gurriel,2018
419,1,Yuli Gurriel,2018
420,0,Yuli Gurriel,2018
421,0,Yuli Gurriel,2018
422,0,Yuli Gurriel,2018
423,0,Yuli Gurriel,2018
424,0,Yuli Gurriel,2018
425,1,Yuli Gurriel,2018
426,0,Yuli Gurriel,2018
427,1,Yuli Gurriel,2018
428,0,Yuli Gurriel,2018
429,1,Yuli Gurriel,2018
430,1,Yuli Gurriel,2018
431,0,Yuli Gurriel,2018
432,0,Yuli Gurriel,2018
433,0,Yuli Gurriel,2018
434,0,Yuli Gurriel,2018
435,1,Yuli Gurriel,2018
436,0,Yuli Gurriel,2018
437,1,Yuli Gurriel,2018
438,0,Yuli Gurriel,2018
439,0,Yuli Gurriel,2018
440,0,Yuli Gurriel,2018
441,1,Yuli Gurriel,2018
442,0,Yuli Gurriel,2018
443,1,Yuli Gurriel,2018
444,0,Yuli Gurriel,2018
445,1,Yuli Gurriel,2018
446,0,Yuli Gurriel,2018
447,0,Yuli Gurriel,2018
448,0,Yuli Gurriel,2018
449,1,Yuli Gurriel,2018
450,0,Yuli Gurriel,2018
451,1,Yuli Gurriel,2018
452,1,Yuli Gurriel,2018
453,1,Yuli Gurriel,2018
454,0,Yuli Gurriel,2018
455,0,Yuli Gurriel,2018
456,1,Yuli Gurriel,2018
457,0,Yuli Gurriel,2018
458,0,Yuli Gurriel,2018
459,1,Yuli Gurriel,2018
460,0,Yuli Gurriel,2018
461,0,Yuli Gurriel,2018
462,0,Yuli Gurriel,2018
463,0,Yuli Gurriel,2018
464,1,Yuli Gurriel,2018
465,0,Yuli Gurriel,2018
466,1,Yuli Gurriel,2018
467,0,Yuli Gurriel,2018
468,1,Yuli Gurriel,2018
469,0,Yuli Gurriel,2018
470,0,Yuli Gurriel,2018
471,0,Yuli Gurriel,2018
472,0,Yuli Gurriel,2018
473,0,Yuli Gurriel,2018
474,1,Yuli Gurriel,2018
475,1,Yuli Gurriel,2018
476,1,Yuli Gurriel,2018
477,0,Yuli Gurriel,2018
478,1,Yuli Gurriel,2018
479,0,Yuli Gurriel,2018
480,1,Yuli Gurriel,2018
481,0,Yuli Gurriel,2018
482,0,Yuli Gurriel,2018
483,0,Yuli Gurriel,2018
484,0,Yuli Gurriel,2018
485,0,Yuli Gurriel,2018
486,0,Yuli Gurriel,2018
487,0,Yuli Gurriel,2018
488,1,Yuli Gurriel,2018
489,1,Yuli Gurriel,2018
490,0,Yuli Gurriel,2018
491,0,Yuli Gurriel,2018
492,1,Yuli Gurriel,2018
493,0,Yuli Gurriel,2018
494,0,Yuli Gurriel,2018
495,0,Yuli Gurriel,2018
496,0,Yuli Gurriel,2018
497,0,Yuli Gurriel,2018
498,0,Yuli Gurriel,2018
499,0,Yuli Gurriel,2018
500,0,Yuli Gurriel,2018
501,1,Yuli Gurriel,2018
502,1,Yuli Gurriel,2018
503,0,Yuli Gurriel,2018
504,1,Yuli Gurriel,2018
505,0,Yuli Gurriel,2018
506,0,Yuli Gurriel,2018
507,0,Yuli Gurriel,2018
508,0,Yuli Gurriel,2018
509,0,Yuli Gurriel,2018
510,0,Yuli Gurriel,2018
511,1,Yuli Gurriel,2018
512,1,Yuli Gurriel,2018
513,0,Yuli Gurriel,2018
514,0,Yuli Gurriel,2018
515,0,Yuli Gurriel,2018
516,0,Yuli Gurriel,2018
517,0,Yuli Gurriel,2018
518,1,Yuli Gurriel,2018
519,0,Yuli Gurriel,2018
520,0,Yuli Gurriel,2018
521,0,Yuli Gurriel,2018
522,0,Yuli Gurriel,2018
523,0,Yuli Gurriel,2018
524,0,Yuli Gurriel,2018
525,0,Yuli Gurriel,2018
526,1,Yuli Gurriel,2018
527,0,Yuli Gurriel,2018
528,0,Yuli Gurriel,2018
529,0,Yuli Gurriel,2018
530,1,Yuli Gurriel,2018
531,0,Yuli Gurriel,2018
532,0,Yuli Gurriel,2018
533,0,Yuli Gurriel,2018
534,1,Yuli Gurriel,2018
535,0,Yuli Gurriel,2018
536,0,Yuli Gurriel,2018
0,0,Yuli Gurriel,2019
1,0,Yuli Gurriel,2019
2,0,Yuli Gurriel,2019
3,0,Yuli Gurriel,2019
4,0,Yuli Gurriel,2019
5,1,Yuli Gurriel,2019
6,0,Yuli Gurriel,2019
7,0,Yuli Gurriel,2019
8,1,Yuli Gurriel,2019
9,0,Yuli Gurriel,2019
10,1,Yuli Gurriel,2019
11,0,Yuli Gurriel,2019
12,0,Yuli Gurriel,2019
13,0,Yuli Gurriel,2019
14,0,Yuli Gurriel,2019
15,0,Yuli Gurriel,2019
16,0,Yuli Gurriel,2019
17,0,Yuli Gurriel,2019
18,0,Yuli Gurriel,2019
19,0,Yuli Gurriel,2019
20,0,Yuli Gurriel,2019
21,0,Yuli Gurriel,2019
22,0,Yuli Gurriel,2019
23,0,Yuli Gurriel,2019
24,0,Yuli Gurriel,2019
25,0,Yuli Gurriel,2019
26,0,Yuli Gurriel,2019
27,1,Yuli Gurriel,2019
28,1,Yuli Gurriel,2019
29,1,Yuli Gurriel,2019
30,0,Yuli Gurriel,2019
31,0,Yuli Gurriel,2019
32,0,Yuli Gurriel,2019
33,0,Yuli Gurriel,2019
34,0,Yuli Gurriel,2019
35,1,Yuli Gurriel,2019
36,0,Yuli Gurriel,2019
37,0,Yuli Gurriel,2019
38,1,Yuli Gurriel,2019
39,0,Yuli Gurriel,2019
40,0,Yuli Gurriel,2019
41,0,Yuli Gurriel,2019
42,1,Yuli Gurriel,2019
43,1,Yuli Gurriel,2019
44,0,Yuli Gurriel,2019
45,1,Yuli Gurriel,2019
46,0,Yuli Gurriel,2019
47,0,Yuli Gurriel,2019
48,0,Yuli Gurriel,2019
49,0,Yuli Gurriel,2019
50,1,Yuli Gurriel,2019
51,0,Yuli Gurriel,2019
52,0,Yuli Gurriel,2019
53,0,Yuli Gurriel,2019
54,0,Yuli Gurriel,2019
55,0,Yuli Gurriel,2019
56,0,Yuli Gurriel,2019
57,0,Yuli Gurriel,2019
58,1,Yuli Gurriel,2019
59,1,Yuli Gurriel,2019
60,0,Yuli Gurriel,2019
61,0,Yuli Gurriel,2019
62,1,Yuli Gurriel,2019
63,0,Yuli Gurriel,2019
64,1,Yuli Gurriel,2019
65,0,Yuli Gurriel,2019
66,1,Yuli Gurriel,2019
67,0,Yuli Gurriel,2019
68,1,Yuli Gurriel,2019
69,0,Yuli Gurriel,2019
70,0,Yuli Gurriel,2019
71,1,Yuli Gurriel,2019
72,0,Yuli Gurriel,2019
73,1,Yuli Gurriel,2019
74,1,Yuli Gurriel,2019
75,1,Yuli Gurriel,2019
76,0,Yuli Gurriel,2019
77,0,Yuli Gurriel,2019
78,0,Yuli Gurriel,2019
79,0,Yuli Gurriel,2019
80,0,Yuli Gurriel,2019
81,1,Yuli Gurriel,2019
82,0,Yuli Gurriel,2019
83,1,Yuli Gurriel,2019
84,0,Yuli Gurriel,2019
85,0,Yuli Gurriel,2019
86,0,Yuli Gurriel,2019
87,0,Yuli Gurriel,2019
88,0,Yuli Gurriel,2019
89,0,Yuli Gurriel,2019
90,0,Yuli Gurriel,2019
91,1,Yuli Gurriel,2019
92,0,Yuli Gurriel,2019
93,0,Yuli Gurriel,2019
94,1,Yuli Gurriel,2019
95,1,Yuli Gurriel,2019
96,0,Yuli Gurriel,2019
97,0,Yuli Gurriel,2019
98,0,Yuli Gurriel,2019
99,0,Yuli Gurriel,2019
100,0,Yuli Gurriel,2019
101,0,Yuli Gurriel,2019
102,1,Yuli Gurriel,2019
103,0,Yuli Gurriel,2019
104,0,Yuli Gurriel,2019
105,0,Yuli Gurriel,2019
106,0,Yuli Gurriel,2019
107,1,Yuli Gurriel,2019
108,0,Yuli Gurriel,2019
109,0,Yuli Gurriel,2019
110,1,Yuli Gurriel,2019
111,0,Yuli Gurriel,2019
112,1,Yuli Gurriel,2019
113,0,Yuli Gurriel,2019
114,0,Yuli Gurriel,2019
115,1,Yuli Gurriel,2019
116,0,Yuli Gurriel,2019
117,0,Yuli Gurriel,2019
118,0,Yuli Gurriel,2019
119,0,Yuli Gurriel,2019
120,1,Yuli Gurriel,2019
121,1,Yuli Gurriel,2019
122,0,Yuli Gurriel,2019
123,0,Yuli Gurriel,2019
124,0,Yuli Gurriel,2019
125,0,Yuli Gurriel,2019
126,1,Yuli Gurriel,2019
127,1,Yuli Gurriel,2019
128,0,Yuli Gurriel,2019
129,0,Yuli Gurriel,2019
130,0,Yuli Gurriel,2019
131,1,Yuli Gurriel,2019
132,0,Yuli Gurriel,2019
133,1,Yuli Gurriel,2019
134,1,Yuli Gurriel,2019
135,0,Yuli Gurriel,2019
136,0,Yuli Gurriel,2019
137,0,Yuli Gurriel,2019
138,1,Yuli Gurriel,2019
139,1,Yuli Gurriel,2019
140,0,Yuli Gurriel,2019
141,1,Yuli Gurriel,2019
142,1,Yuli Gurriel,2019
143,0,Yuli Gurriel,2019
144,0,Yuli Gurriel,2019
145,0,Yuli Gurriel,2019
146,0,Yuli Gurriel,2019
147,1,Yuli Gurriel,2019
148,0,Yuli Gurriel,2019
149,0,Yuli Gurriel,2019
150,0,Yuli Gurriel,2019
151,1,Yuli Gurriel,2019
152,0,Yuli Gurriel,2019
153,0,Yuli Gurriel,2019
154,0,Yuli Gurriel,2019
155,0,Yuli Gurriel,2019
156,0,Yuli Gurriel,2019
157,1,Yuli Gurriel,2019
158,1,Yuli Gurriel,2019
159,1,Yuli Gurriel,2019
160,0,Yuli Gurriel,2019
161,0,Yuli Gurriel,2019
162,1,Yuli Gurriel,2019
163,0,Yuli Gurriel,2019
164,1,Yuli Gurriel,2019
165,0,Yuli Gurriel,2019
166,0,Yuli Gurriel,2019
167,0,Yuli Gurriel,2019
168,0,Yuli Gurriel,2019
169,1,Yuli Gurriel,2019
170,0,Yuli Gurriel,2019
171,0,Yuli Gurriel,2019
172,1,Yuli Gurriel,2019
173,1,Yuli Gurriel,2019
174,1,Yuli Gurriel,2019
175,1,Yuli Gurriel,2019
176,0,Yuli Gurriel,2019
177,1,Yuli Gurriel,2019
178,0,Yuli Gurriel,2019
179,0,Yuli Gurriel,2019
180,0,Yuli Gurriel,2019
181,1,Yuli Gurriel,2019
182,0,Yuli Gurriel,2019
183,1,Yuli Gurriel,2019
184,1,Yuli Gurriel,2019
185,1,Yuli Gurriel,2019
186,0,Yuli Gurriel,2019
187,0,Yuli Gurriel,2019
188,0,Yuli Gurriel,2019
189,0,Yuli Gurriel,2019
190,0,Yuli Gurriel,2019
191,1,Yuli Gurriel,2019
192,0,Yuli Gurriel,2019
193,1,Yuli Gurriel,2019
194,0,Yuli Gurriel,2019
195,0,Yuli Gurriel,2019
196,0,Yuli Gurriel,2019
197,0,Yuli Gurriel,2019
198,0,Yuli Gurriel,2019
199,0,Yuli Gurriel,2019
200,0,Yuli Gurriel,2019
201,1,Yuli Gurriel,2019
202,0,Yuli Gurriel,2019
203,1,Yuli Gurriel,2019
204,1,Yuli Gurriel,2019
205,0,Yuli Gurriel,2019
206,1,Yuli Gurriel,2019
207,0,Yuli Gurriel,2019
208,0,Yuli Gurriel,2019
209,0,Yuli Gurriel,2019
210,1,Yuli Gurriel,2019
211,0,Yuli Gurriel,2019
212,0,Yuli Gurriel,2019
213,0,Yuli Gurriel,2019
214,0,Yuli Gurriel,2019
215,0,Yuli Gurriel,2019
216,0,Yuli Gurriel,2019
217,0,Yuli Gurriel,2019
218,0,Yuli Gurriel,2019
219,0,Yuli Gurriel,2019
220,0,Yuli Gurriel,2019
221,0,Yuli Gurriel,2019
222,1,Yuli Gurriel,2019
223,0,Yuli Gurriel,2019
224,0,Yuli Gurriel,2019
225,1,Yuli Gurriel,2019
226,0,Yuli Gurriel,2019
227,0,Yuli Gurriel,2019
228,0,Yuli Gurriel,2019
229,1,Yuli Gurriel,2019
230,0,Yuli Gurriel,2019
231,0,Yuli Gurriel,2019
232,0,Yuli Gurriel,2019
233,0,Yuli Gurriel,2019
234,0,Yuli Gurriel,2019
235,1,Yuli Gurriel,2019
236,0,Yuli Gurriel,2019
237,0,Yuli Gurriel,2019
238,0,Yuli Gurriel,2019
239,0,Yuli Gurriel,2019
240,0,Yuli Gurriel,2019
241,0,Yuli Gurriel,2019
242,0,Yuli Gurriel,2019
243,0,Yuli Gurriel,2019
244,0,Yuli Gurriel,2019
245,1,Yuli Gurriel,2019
246,0,Yuli Gurriel,2019
247,0,Yuli Gurriel,2019
248,0,Yuli Gurriel,2019
249,0,Yuli Gurriel,2019
250,0,Yuli Gurriel,2019
251,1,Yuli Gurriel,2019
252,0,Yuli Gurriel,2019
253,0,Yuli Gurriel,2019
254,0,Yuli Gurriel,2019
255,0,Yuli Gurriel,2019
256,0,Yuli Gurriel,2019
257,1,Yuli Gurriel,2019
258,0,Yuli Gurriel,2019
259,0,Yuli Gurriel,2019
260,0,Yuli Gurriel,2019
261,0,Yuli Gurriel,2019
262,0,Yuli Gurriel,2019
263,1,Yuli Gurriel,2019
264,1,Yuli Gurriel,2019
265,0,Yuli Gurriel,2019
266,1,Yuli Gurriel,2019
267,0,Yuli Gurriel,2019
268,0,Yuli Gurriel,2019
269,0,Yuli Gurriel,2019
270,0,Yuli Gurriel,2019
271,0,Yuli Gurriel,2019
272,0,Yuli Gurriel,2019
273,0,Yuli Gurriel,2019
274,1,Yuli Gurriel,2019
275,1,Yuli Gurriel,2019
276,1,Yuli Gurriel,2019
277,0,Yuli Gurriel,2019
278,1,Yuli Gurriel,2019
279,0,Yuli Gurriel,2019
280,0,Yuli Gurriel,2019
281,0,Yuli Gurriel,2019
282,0,Yuli Gurriel,2019
283,0,Yuli Gurriel,2019
284,1,Yuli Gurriel,2019
285,0,Yuli Gurriel,2019
286,1,Yuli Gurriel,2019
287,0,Yuli Gurriel,2019
288,0,Yuli Gurriel,2019
289,0,Yuli Gurriel,2019
290,0,Yuli Gurriel,2019
291,0,Yuli Gurriel,2019
292,0,Yuli Gurriel,2019
293,0,Yuli Gurriel,2019
294,0,Yuli Gurriel,2019
295,1,Yuli Gurriel,2019
296,1,Yuli Gurriel,2019
297,1,Yuli Gurriel,2019
298,0,Yuli Gurriel,2019
299,0,Yuli Gurriel,2019
300,0,Yuli Gurriel,2019
301,0,Yuli Gurriel,2019
302,0,Yuli Gurriel,2019
303,0,Yuli Gurriel,2019
304,0,Yuli Gurriel,2019
305,0,Yuli Gurriel,2019
306,0,Yuli Gurriel,2019
307,0,Yuli Gurriel,2019
308,0,Yuli Gurriel,2019
309,0,Yuli Gurriel,2019
310,0,Yuli Gurriel,2019
311,0,Yuli Gurriel,2019
312,1,Yuli Gurriel,2019
313,0,Yuli Gurriel,2019
314,0,Yuli Gurriel,2019
315,0,Yuli Gurriel,2019
316,1,Yuli Gurriel,2019
317,1,Yuli Gurriel,2019
318,1,Yuli Gurriel,2019
319,0,Yuli Gurriel,2019
320,1,Yuli Gurriel,2019
321,1,Yuli Gurriel,2019
322,0,Yuli Gurriel,2019
323,1,Yuli Gurriel,2019
324,1,Yuli Gurriel,2019
325,0,Yuli Gurriel,2019
326,0,Yuli Gurriel,2019
327,0,Yuli Gurriel,2019
328,0,Yuli Gurriel,2019
329,0,Yuli Gurriel,2019
330,0,Yuli Gurriel,2019
331,0,Yuli Gurriel,2019
332,1,Yuli Gurriel,2019
333,0,Yuli Gurriel,2019
334,1,Yuli Gurriel,2019
335,1,Yuli Gurriel,2019
336,0,Yuli Gurriel,2019
337,1,Yuli Gurriel,2019
338,0,Yuli Gurriel,2019
339,0,Yuli Gurriel,2019
340,1,Yuli Gurriel,2019
341,1,Yuli Gurriel,2019
342,0,Yuli Gurriel,2019
343,0,Yuli Gurriel,2019
344,0,Yuli Gurriel,2019
345,0,Yuli Gurriel,2019
346,0,Yuli Gurriel,2019
347,0,Yuli Gurriel,2019
348,0,Yuli Gurriel,2019
349,0,Yuli Gurriel,2019
350,0,Yuli Gurriel,2019
351,1,Yuli Gurriel,2019
352,1,Yuli Gurriel,2019
353,0,Yuli Gurriel,2019
354,0,Yuli Gurriel,2019
355,0,Yuli Gurriel,2019
356,0,Yuli Gurriel,2019
357,0,Yuli Gurriel,2019
358,1,Yuli Gurriel,2019
359,0,Yuli Gurriel,2019
360,0,Yuli Gurriel,2019
361,0,Yuli Gurriel,2019
362,0,Yuli Gurriel,2019
363,0,Yuli Gurriel,2019
364,0,Yuli Gurriel,2019
365,0,Yuli Gurriel,2019
366,0,Yuli Gurriel,2019
367,0,Yuli Gurriel,2019
368,0,Yuli Gurriel,2019
369,0,Yuli Gurriel,2019
370,0,Yuli Gurriel,2019
371,1,Yuli Gurriel,2019
372,0,Yuli Gurriel,2019
373,0,Yuli Gurriel,2019
374,0,Yuli Gurriel,2019
375,0,Yuli Gurriel,2019
376,0,Yuli Gurriel,2019
377,0,Yuli Gurriel,2019
378,1,Yuli Gurriel,2019
379,0,Yuli Gurriel,2019
380,0,Yuli Gurriel,2019
381,0,Yuli Gurriel,2019
382,0,Yuli Gurriel,2019
383,0,Yuli Gurriel,2019
384,1,Yuli Gurriel,2019
385,0,Yuli Gurriel,2019
386,0,Yuli Gurriel,2019
387,1,Yuli Gurriel,2019
388,1,Yuli Gurriel,2019
389,0,Yuli Gurriel,2019
390,0,Yuli Gurriel,2019
391,0,Yuli Gurriel,2019
392,0,Yuli Gurriel,2019
393,1,Yuli Gurriel,2019
394,0,Yuli Gurriel,2019
395,1,Yuli Gurriel,2019
396,1,Yuli Gurriel,2019
397,0,Yuli Gurriel,2019
398,0,Yuli Gurriel,2019
399,0,Yuli Gurriel,2019
400,0,Yuli Gurriel,2019
401,0,Yuli Gurriel,2019
402,1,Yuli Gurriel,2019
403,1,Yuli Gurriel,2019
404,0,Yuli Gurriel,2019
405,0,Yuli Gurriel,2019
406,0,Yuli Gurriel,2019
407,0,Yuli Gurriel,2019
408,0,Yuli Gurriel,2019
409,1,Yuli Gurriel,2019
410,0,Yuli Gurriel,2019
411,1,Yuli Gurriel,2019
412,1,Yuli Gurriel,2019
413,0,Yuli Gurriel,2019
414,0,Yuli Gurriel,2019
415,0,Yuli Gurriel,2019
416,0,Yuli Gurriel,2019
417,1,Yuli Gurriel,2019
418,0,Yuli Gurriel,2019
419,1,Yuli Gurriel,2019
420,0,Yuli Gurriel,2019
421,0,Yuli Gurriel,2019
422,0,Yuli Gurriel,2019
423,0,Yuli Gurriel,2019
424,0,Yuli Gurriel,2019
425,0,Yuli Gurriel,2019
426,0,Yuli Gurriel,2019
427,0,Yuli Gurriel,2019
428,0,Yuli Gurriel,2019
429,1,Yuli Gurriel,2019
430,0,Yuli Gurriel,2019
431,0,Yuli Gurriel,2019
432,1,Yuli Gurriel,2019
433,1,Yuli Gurriel,2019
434,1,Yuli Gurriel,2019
435,1,Yuli Gurriel,2019
436,0,Yuli Gurriel,2019
437,1,Yuli Gurriel,2019
438,0,Yuli Gurriel,2019
439,0,Yuli Gurriel,2019
440,0,Yuli Gurriel,2019
441,0,Yuli Gurriel,2019
442,0,Yuli Gurriel,2019
443,0,Yuli Gurriel,2019
444,0,Yuli Gurriel,2019
445,1,Yuli Gurriel,2019
446,0,Yuli Gurriel,2019
447,0,Yuli Gurriel,2019
448,0,Yuli Gurriel,2019
449,1,Yuli Gurriel,2019
450,0,Yuli Gurriel,2019
451,1,Yuli Gurriel,2019
452,0,Yuli Gurriel,2019
453,0,Yuli Gurriel,2019
454,0,Yuli Gurriel,2019
455,0,Yuli Gurriel,2019
456,0,Yuli Gurriel,2019
457,0,Yuli Gurriel,2019
458,1,Yuli Gurriel,2019
459,0,Yuli Gurriel,2019
460,0,Yuli Gurriel,2019
461,0,Yuli Gurriel,2019
462,0,Yuli Gurriel,2019
463,1,Yuli Gurriel,2019
464,1,Yuli Gurriel,2019
465,0,Yuli Gurriel,2019
466,0,Yuli Gurriel,2019
467,0,Yuli Gurriel,2019
468,0,Yuli Gurriel,2019
469,0,Yuli Gurriel,2019
470,0,Yuli Gurriel,2019
471,0,Yuli Gurriel,2019
472,0,Yuli Gurriel,2019
473,0,Yuli Gurriel,2019
474,1,Yuli Gurriel,2019
475,0,Yuli Gurriel,2019
476,0,Yuli Gurriel,2019
477,1,Yuli Gurriel,2019
478,0,Yuli Gurriel,2019
479,1,Yuli Gurriel,2019
480,0,Yuli Gurriel,2019
481,0,Yuli Gurriel,2019
482,0,Yuli Gurriel,2019
483,1,Yuli Gurriel,2019
484,0,Yuli Gurriel,2019
485,0,Yuli Gurriel,2019
486,1,Yuli Gurriel,2019
487,0,Yuli Gurriel,2019
488,0,Yuli Gurriel,2019
489,0,Yuli Gurriel,2019
490,0,Yuli Gurriel,2019
491,1,Yuli Gurriel,2019
492,1,Yuli Gurriel,2019
493,0,Yuli Gurriel,2019
494,0,Yuli Gurriel,2019
495,1,Yuli Gurriel,2019
496,0,Yuli Gurriel,2019
497,0,Yuli Gurriel,2019
498,0,Yuli Gurriel,2019
499,1,Yuli Gurriel,2019
500,0,Yuli Gurriel,2019
501,1,Yuli Gurriel,2019
502,0,Yuli Gurriel,2019
503,0,Yuli Gurriel,2019
504,1,Yuli Gurriel,2019
505,1,Yuli Gurriel,2019
506,1,Yuli Gurriel,2019
507,0,Yuli Gurriel,2019
508,1,Yuli Gurriel,2019
509,1,Yuli Gurriel,2019
510,1,Yuli Gurriel,2019
511,1,Yuli Gurriel,2019
512,0,Yuli Gurriel,2019
513,0,Yuli Gurriel,2019
514,0,Yuli Gurriel,2019
515,1,Yuli Gurriel,2019
516,1,Yuli Gurriel,2019
517,0,Yuli Gurriel,2019
518,1,Yuli Gurriel,2019
519,1,Yuli Gurriel,2019
520,1,Yuli Gurriel,2019
521,0,Yuli Gurriel,2019
522,0,Yuli Gurriel,2019
523,0,Yuli Gurriel,2019
524,0,Yuli Gurriel,2019
525,0,Yuli Gurriel,2019
526,0,Yuli Gurriel,2019
527,0,Yuli Gurriel,2019
528,1,Yuli Gurriel,2019
529,0,Yuli Gurriel,2019
530,0,Yuli Gurriel,2019
531,0,Yuli Gurriel,2019
532,1,Yuli Gurriel,2019
533,1,Yuli Gurriel,2019
534,1,Yuli Gurriel,2019
535,0,Yuli Gurriel,2019
536,0,Yuli Gurriel,2019
537,1,Yuli Gurriel,2019
538,0,Yuli Gurriel,2019
539,0,Yuli Gurriel,2019
540,1,Yuli Gurriel,2019
541,1,Yuli Gurriel,2019
542,0,Yuli Gurriel,2019
543,1,Yuli Gurriel,2019
544,0,Yuli Gurriel,2019
545,1,Yuli Gurriel,2019
546,0,Yuli Gurriel,2019
547,0,Yuli Gurriel,2019
548,1,Yuli Gurriel,2019
549,1,Yuli Gurriel,2019
550,1,Yuli Gurriel,2019
551,0,Yuli Gurriel,2019
552,0,Yuli Gurriel,2019
553,0,Yuli Gurriel,2019
554,0,Yuli Gurriel,2019
555,1,Yuli Gurriel,2019
556,1,Yuli Gurriel,2019
557,1,Yuli Gurriel,2019
558,0,Yuli Gurriel,2019
559,0,Yuli Gurriel,2019
560,1,Yuli Gurriel,2019
561,0,Yuli Gurriel,2019
562,0,Yuli Gurriel,2019
563,0,Yuli Gurriel,2019
0,0,Yuli Gurriel,2020
1,0,Yuli Gurriel,2020
2,0,Yuli Gurriel,2020
3,0,Yuli Gurriel,2020
4,0,Yuli Gurriel,2020
5,1,Yuli Gurriel,2020
6,0,Yuli Gurriel,2020
7,0,Yuli Gurriel,2020
8,1,Yuli Gurriel,2020
9,1,Yuli Gurriel,2020
10,0,Yuli Gurriel,2020
11,0,Yuli Gurriel,2020
12,0,Yuli Gurriel,2020
13,0,Yuli Gurriel,2020
14,0,Yuli Gurriel,2020
15,0,Yuli Gurriel,2020
16,0,Yuli Gurriel,2020
17,0,Yuli Gurriel,2020
18,0,Yuli Gurriel,2020
19,0,Yuli Gurriel,2020
20,0,Yuli Gurriel,2020
21,1,Yuli Gurriel,2020
22,0,Yuli Gurriel,2020
23,0,Yuli Gurriel,2020
24,0,Yuli Gurriel,2020
25,0,Yuli Gurriel,2020
26,0,Yuli Gurriel,2020
27,0,Yuli Gurriel,2020
28,0,Yuli Gurriel,2020
29,0,Yuli Gurriel,2020
30,0,Yuli Gurriel,2020
31,0,Yuli Gurriel,2020
32,1,Yuli Gurriel,2020
33,1,Yuli Gurriel,2020
34,0,Yuli Gurriel,2020
35,1,Yuli Gurriel,2020
36,0,Yuli Gurriel,2020
37,1,Yuli Gurriel,2020
38,0,Yuli Gurriel,2020
39,0,Yuli Gurriel,2020
40,0,Yuli Gurriel,2020
41,1,Yuli Gurriel,2020
42,0,Yuli Gurriel,2020
43,0,Yuli Gurriel,2020
44,0,Yuli Gurriel,2020
45,0,Yuli Gurriel,2020
46,0,Yuli Gurriel,2020
47,0,Yuli Gurriel,2020
48,0,Yuli Gurriel,2020
49,0,Yuli Gurriel,2020
50,0,Yuli Gurriel,2020
51,1,Yuli Gurriel,2020
52,0,Yuli Gurriel,2020
53,1,Yuli Gurriel,2020
54,0,Yuli Gurriel,2020
55,1,Yuli Gurriel,2020
56,0,Yuli Gurriel,2020
57,1,Yuli Gurriel,2020
58,0,Yuli Gurriel,2020
59,0,Yuli Gurriel,2020
60,0,Yuli Gurriel,2020
61,0,Yuli Gurriel,2020
62,0,Yuli Gurriel,2020
63,0,Yuli Gurriel,2020
64,0,Yuli Gurriel,2020
65,0,Yuli Gurriel,2020
66,0,Yuli Gurriel,2020
67,0,Yuli Gurriel,2020
68,0,Yuli Gurriel,2020
69,0,Yuli Gurriel,2020
70,0,Yuli Gurriel,2020
71,1,Yuli Gurriel,2020
72,1,Yuli Gurriel,2020
73,1,Yuli Gurriel,2020
74,0,Yuli Gurriel,2020
75,1,Yuli Gurriel,2020
76,0,Yuli Gurriel,2020
77,1,Yuli Gurriel,2020
78,0,Yuli Gurriel,2020
79,1,Yuli Gurriel,2020
80,0,Yuli Gurriel,2020
81,0,Yuli Gurriel,2020
82,1,Yuli Gurriel,2020
83,1,Yuli Gurriel,2020
84,0,Yuli Gurriel,2020
85,0,Yuli Gurriel,2020
86,0,Yuli Gurriel,2020
87,0,Yuli Gurriel,2020
88,0,Yuli Gurriel,2020
89,0,Yuli Gurriel,2020
90,0,Yuli Gurriel,2020
91,0,Yuli Gurriel,2020
92,0,Yuli Gurriel,2020
93,0,Yuli Gurriel,2020
94,0,Yuli Gurriel,2020
95,0,Yuli Gurriel,2020
96,1,Yuli Gurriel,2020
97,1,Yuli Gurriel,2020
98,0,Yuli Gurriel,2020
99,1,Yuli Gurriel,2020
100,0,Yuli Gurriel,2020
101,0,Yuli Gurriel,2020
102,0,Yuli Gurriel,2020
103,0,Yuli Gurriel,2020
104,0,Yuli Gurriel,2020
105,0,Yuli Gurriel,2020
106,1,Yuli Gurriel,2020
107,1,Yuli Gurriel,2020
108,0,Yuli Gurriel,2020
109,0,Yuli Gurriel,2020
110,0,Yuli Gurriel,2020
111,1,Yuli Gurriel,2020
112,1,Yuli Gurriel,2020
113,0,Yuli Gurriel,2020
114,0,Yuli Gurriel,2020
115,1,Yuli Gurriel,2020
116,0,Yuli Gurriel,2020
117,0,Yuli Gurriel,2020
118,0,Yuli Gurriel,2020
119,0,Yuli Gurriel,2020
120,0,Yuli Gurriel,2020
121,0,Yuli Gurriel,2020
122,0,Yuli Gurriel,2020
123,0,Yuli Gurriel,2020
124,0,Yuli Gurriel,2020
125,1,Yuli Gurriel,2020
126,0,Yuli Gurriel,2020
127,1,Yuli Gurriel,2020
128,0,Yuli Gurriel,2020
129,1,Yuli Gurriel,2020
130,0,Yuli Gurriel,2020
131,1,Yuli Gurriel,2020
132,0,Yuli Gurriel,2020
133,1,Yuli Gurriel,2020
134,0,Yuli Gurriel,2020
135,0,Yuli Gurriel,2020
136,0,Yuli Gurriel,2020
137,0,Yuli Gurriel,2020
138,0,Yuli Gurriel,2020
139,1,Yuli Gurriel,2020
140,0,Yuli Gurriel,2020
141,0,Yuli Gurriel,2020
142,1,Yuli Gurriel,2020
143,1,Yuli Gurriel,2020
144,1,Yuli Gurriel,2020
145,0,Yuli Gurriel,2020
146,0,Yuli Gurriel,2020
147,0,Yuli Gurriel,2020
148,0,Yuli Gurriel,2020
149,0,Yuli Gurriel,2020
150,0,Yuli Gurriel,2020
151,0,Yuli Gurriel,2020
152,0,Yuli Gurriel,2020
153,0,Yuli Gurriel,2020
154,0,Yuli Gurriel,2020
155,0,Yuli Gurriel,2020
156,0,Yuli Gurriel,2020
157,0,Yuli Gurriel,2020
158,0,Yuli Gurriel,2020
159,0,Yuli Gurriel,2020
160,0,Yuli Gurriel,2020
161,0,Yuli Gurriel,2020
162,0,Yuli Gurriel,2020
163,0,Yuli Gurriel,2020
164,0,Yuli Gurriel,2020
165,1,Yuli Gurriel,2020
166,0,Yuli Gurriel,2020
167,0,Yuli Gurriel,2020
168,0,Yuli Gurriel,2020
169,0,Yuli Gurriel,2020
170,0,Yuli Gurriel,2020
171,0,Yuli Gurriel,2020
172,0,Yuli Gurriel,2020
173,1,Yuli Gurriel,2020
174,0,Yuli Gurriel,2020
175,1,Yuli Gurriel,2020
176,0,Yuli Gurriel,2020
177,0,Yuli Gurriel,2020
178,0,Yuli Gurriel,2020
179,0,Yuli Gurriel,2020
180,1,Yuli Gurriel,2020
181,0,Yuli Gurriel,2020
182,0,Yuli Gurriel,2020
183,0,Yuli Gurriel,2020
184,0,Yuli Gurriel,2020
185,0,Yuli Gurriel,2020
186,1,Yuli Gurriel,2020
187,0,Yuli Gurriel,2020
188,0,Yuli Gurriel,2020
189,0,Yuli Gurriel,2020
190,0,Yuli Gurriel,2020
191,0,Yuli Gurriel,2020
192,0,Yuli Gurriel,2020
193,0,Yuli Gurriel,2020
194,0,Yuli Gurriel,2020
195,1,Yuli Gurriel,2020
196,0,Yuli Gurriel,2020
197,1,Yuli Gurriel,2020
198,0,Yuli Gurriel,2020
199,1,Yuli Gurriel,2020
200,1,Yuli Gurriel,2020
201,0,Yuli Gurriel,2020
202,0,Yuli Gurriel,2020
203,0,Yuli Gurriel,2020
204,0,Yuli Gurriel,2020
205,1,Yuli Gurriel,2020
206,0,Yuli Gurriel,2020
207,0,Yuli Gurriel,2020
208,1,Yuli Gurriel,2020
209,0,Yuli Gurriel,2020
210,0,Yuli Gurriel,2020
0,0,Yuli Gurriel,2021
1,0,Yuli Gurriel,2021
2,0,Yuli Gurriel,2021
3,0,Yuli Gurriel,2021
4,0,Yuli Gurriel,2021
5,0,Yuli Gurriel,2021
6,0,Yuli Gurriel,2021
7,0,Yuli Gurriel,2021
8,0,Yuli Gurriel,2021
9,1,Yuli Gurriel,2021
10,0,Yuli Gurriel,2021
11,0,Yuli Gurriel,2021
12,0,Yuli Gurriel,2021
13,0,Yuli Gurriel,2021
14,0,Yuli Gurriel,2021
15,0,Yuli Gurriel,2021
16,0,Yuli Gurriel,2021
17,0,Yuli Gurriel,2021
18,0,Yuli Gurriel,2021
19,1,Yuli Gurriel,2021
20,1,Yuli Gurriel,2021
21,1,Yuli Gurriel,2021
22,0,Yuli Gurriel,2021
23,0,Yuli Gurriel,2021
24,0,Yuli Gurriel,2021
25,0,Yuli Gurriel,2021
26,0,Yuli Gurriel,2021
27,1,Yuli Gurriel,2021
28,1,Yuli Gurriel,2021
29,0,Yuli Gurriel,2021
30,1,Yuli Gurriel,2021
31,0,Yuli Gurriel,2021
32,1,Yuli Gurriel,2021
33,1,Yuli Gurriel,2021
34,0,Yuli Gurriel,2021
35,0,Yuli Gurriel,2021
36,1,Yuli Gurriel,2021
37,1,Yuli Gurriel,2021
38,0,Yuli Gurriel,2021
39,1,Yuli Gurriel,2021
40,0,Yuli Gurriel,2021
41,0,Yuli Gurriel,2021
42,0,Yuli Gurriel,2021
43,0,Yuli Gurriel,2021
44,0,Yuli Gurriel,2021
45,1,Yuli Gurriel,2021
46,1,Yuli Gurriel,2021
47,0,Yuli Gurriel,2021
48,1,Yuli Gurriel,2021
49,1,Yuli Gurriel,2021
50,0,Yuli Gurriel,2021
51,0,Yuli Gurriel,2021
52,1,Yuli Gurriel,2021
53,1,Yuli Gurriel,2021
54,0,Yuli Gurriel,2021
55,0,Yuli Gurriel,2021
56,1,Yuli Gurriel,2021
57,1,Yuli Gurriel,2021
58,0,Yuli Gurriel,2021
59,1,Yuli Gurriel,2021
60,0,Yuli Gurriel,2021
61,1,Yuli Gurriel,2021
62,0,Yuli Gurriel,2021
63,0,Yuli Gurriel,2021
64,0,Yuli Gurriel,2021
65,0,Yuli Gurriel,2021
66,0,Yuli Gurriel,2021
67,1,Yuli Gurriel,2021
68,0,Yuli Gurriel,2021
69,0,Yuli Gurriel,2021
70,0,Yuli Gurriel,2021
71,0,Yuli Gurriel,2021
72,0,Yuli Gurriel,2021
73,0,Yuli Gurriel,2021
74,0,Yuli Gurriel,2021
75,0,Yuli Gurriel,2021
76,0,Yuli Gurriel,2021
77,0,Yuli Gurriel,2021
78,0,Yuli Gurriel,2021
79,0,Yuli Gurriel,2021
80,1,Yuli Gurriel,2021
81,0,Yuli Gurriel,2021
82,0,Yuli Gurriel,2021
83,1,Yuli Gurriel,2021
84,0,Yuli Gurriel,2021
85,1,Yuli Gurriel,2021
86,1,Yuli Gurriel,2021
87,0,Yuli Gurriel,2021
88,0,Yuli Gurriel,2021
89,0,Yuli Gurriel,2021
90,0,Yuli Gurriel,2021
91,1,Yuli Gurriel,2021
92,0,Yuli Gurriel,2021
93,1,Yuli Gurriel,2021
94,0,Yuli Gurriel,2021
95,0,Yuli Gurriel,2021
96,0,Yuli Gurriel,2021
97,0,Yuli Gurriel,2021
98,0,Yuli Gurriel,2021
99,1,Yuli Gurriel,2021
100,0,Yuli Gurriel,2021
101,0,Yuli Gurriel,2021
102,1,Yuli Gurriel,2021
103,1,Yuli Gurriel,2021
104,0,Yuli Gurriel,2021
105,0,Yuli Gurriel,2021
106,0,Yuli Gurriel,2021
107,1,Yuli Gurriel,2021
108,0,Yuli Gurriel,2021
109,0,Yuli Gurriel,2021
110,0,Yuli Gurriel,2021
111,0,Yuli Gurriel,2021
112,0,Yuli Gurriel,2021
113,0,Yuli Gurriel,2021
114,0,Yuli Gurriel,2021
115,0,Yuli Gurriel,2021
116,0,Yuli Gurriel,2021
117,0,Yuli Gurriel,2021
118,1,Yuli Gurriel,2021
119,0,Yuli Gurriel,2021
120,0,Yuli Gurriel,2021
121,0,Yuli Gurriel,2021
122,1,Yuli Gurriel,2021
123,0,Yuli Gurriel,2021
124,0,Yuli Gurriel,2021
125,0,Yuli Gurriel,2021
126,1,Yuli Gurriel,2021
127,1,Yuli Gurriel,2021
128,0,Yuli Gurriel,2021
129,0,Yuli Gurriel,2021
130,1,Yuli Gurriel,2021
131,0,Yuli Gurriel,2021
132,1,Yuli Gurriel,2021
133,0,Yuli Gurriel,2021
134,0,Yuli Gurriel,2021
135,1,Yuli Gurriel,2021
136,0,Yuli Gurriel,2021
137,0,Yuli Gurriel,2021
138,1,Yuli Gurriel,2021
139,1,Yuli Gurriel,2021
140,1,Yuli Gurriel,2021
141,1,Yuli Gurriel,2021
142,0,Yuli Gurriel,2021
143,1,Yuli Gurriel,2021
144,1,Yuli Gurriel,2021
145,0,Yuli Gurriel,2021
146,0,Yuli Gurriel,2021
147,0,Yuli Gurriel,2021
148,1,Yuli Gurriel,2021
149,0,Yuli Gurriel,2021
150,0,Yuli Gurriel,2021
151,0,Yuli Gurriel,2021
152,0,Yuli Gurriel,2021
153,0,Yuli Gurriel,2021
154,1,Yuli Gurriel,2021
155,1,Yuli Gurriel,2021
156,0,Yuli Gurriel,2021
157,0,Yuli Gurriel,2021
158,1,Yuli Gurriel,2021
159,0,Yuli Gurriel,2021
160,0,Yuli Gurriel,2021
161,1,Yuli Gurriel,2021
162,0,Yuli Gurriel,2021
163,0,Yuli Gurriel,2021
164,0,Yuli Gurriel,2021
165,0,Yuli Gurriel,2021
166,1,Yuli Gurriel,2021
167,0,Yuli Gurriel,2021
168,0,Yuli Gurriel,2021
169,1,Yuli Gurriel,2021
170,1,Yuli Gurriel,2021
171,1,Yuli Gurriel,2021
172,0,Yuli Gurriel,2021
173,0,Yuli Gurriel,2021
174,0,Yuli Gurriel,2021
175,0,Yuli Gurriel,2021
176,0,Yuli Gurriel,2021
177,0,Yuli Gurriel,2021
178,1,Yuli Gurriel,2021
179,0,Yuli Gurriel,2021
180,0,Yuli Gurriel,2021
181,1,Yuli Gurriel,2021
182,0,Yuli Gurriel,2021
183,0,Yuli Gurriel,2021
184,0,Yuli Gurriel,2021
185,1,Yuli Gurriel,2021
186,0,Yuli Gurriel,2021
187,0,Yuli Gurriel,2021
188,1,Yuli Gurriel,2021
189,0,Yuli Gurriel,2021
190,1,Yuli Gurriel,2021
191,0,Yuli Gurriel,2021
192,1,Yuli Gurriel,2021
193,0,Yuli Gurriel,2021
194,1,Yuli Gurriel,2021
195,1,Yuli Gurriel,2021
196,0,Yuli Gurriel,2021
197,1,Yuli Gurriel,2021
198,0,Yuli Gurriel,2021
199,1,Yuli Gurriel,2021
200,0,Yuli Gurriel,2021
201,0,Yuli Gurriel,2021
202,0,Yuli Gurriel,2021
203,1,Yuli Gurriel,2021
204,1,Yuli Gurriel,2021
205,0,Yuli Gurriel,2021
206,1,Yuli Gurriel,2021
207,1,Yuli Gurriel,2021
208,1,Yuli Gurriel,2021
0,0,Vladimir Guerrero Jr.,2019
1,1,Vladimir Guerrero Jr.,2019
2,0,Vladimir Guerrero Jr.,2019
3,0,Vladimir Guerrero Jr.,2019
4,0,Vladimir Guerrero Jr.,2019
5,0,Vladimir Guerrero Jr.,2019
6,0,Vladimir Guerrero Jr.,2019
7,0,Vladimir Guerrero Jr.,2019
8,0,Vladimir Guerrero Jr.,2019
9,1,Vladimir Guerrero Jr.,2019
10,1,Vladimir Guerrero Jr.,2019
11,1,Vladimir Guerrero Jr.,2019
12,0,Vladimir Guerrero Jr.,2019
13,0,Vladimir Guerrero Jr.,2019
14,0,Vladimir Guerrero Jr.,2019
15,0,Vladimir Guerrero Jr.,2019
16,1,Vladimir Guerrero Jr.,2019
17,0,Vladimir Guerrero Jr.,2019
18,0,Vladimir Guerrero Jr.,2019
19,1,Vladimir Guerrero Jr.,2019
20,0,Vladimir Guerrero Jr.,2019
21,1,Vladimir Guerrero Jr.,2019
22,0,Vladimir Guerrero Jr.,2019
23,1,Vladimir Guerrero Jr.,2019
24,0,Vladimir Guerrero Jr.,2019
25,1,Vladimir Guerrero Jr.,2019
26,1,Vladimir Guerrero Jr.,2019
27,0,Vladimir Guerrero Jr.,2019
28,0,Vladimir Guerrero Jr.,2019
29,0,Vladimir Guerrero Jr.,2019
30,1,Vladimir Guerrero Jr.,2019
31,1,Vladimir Guerrero Jr.,2019
32,0,Vladimir Guerrero Jr.,2019
33,0,Vladimir Guerrero Jr.,2019
34,0,Vladimir Guerrero Jr.,2019
35,0,Vladimir Guerrero Jr.,2019
36,0,Vladimir Guerrero Jr.,2019
37,0,Vladimir Guerrero Jr.,2019
38,1,Vladimir Guerrero Jr.,2019
39,0,Vladimir Guerrero Jr.,2019
40,0,Vladimir Guerrero Jr.,2019
41,0,Vladimir Guerrero Jr.,2019
42,0,Vladimir Guerrero Jr.,2019
43,0,Vladimir Guerrero Jr.,2019
44,1,Vladimir Guerrero Jr.,2019
45,1,Vladimir Guerrero Jr.,2019
46,1,Vladimir Guerrero Jr.,2019
47,1,Vladimir Guerrero Jr.,2019
48,0,Vladimir Guerrero Jr.,2019
49,0,Vladimir Guerrero Jr.,2019
50,1,Vladimir Guerrero Jr.,2019
51,0,Vladimir Guerrero Jr.,2019
52,0,Vladimir Guerrero Jr.,2019
53,0,Vladimir Guerrero Jr.,2019
54,0,Vladimir Guerrero Jr.,2019
55,1,Vladimir Guerrero Jr.,2019
56,0,Vladimir Guerrero Jr.,2019
57,0,Vladimir Guerrero Jr.,2019
58,0,Vladimir Guerrero Jr.,2019
59,0,Vladimir Guerrero Jr.,2019
60,0,Vladimir Guerrero Jr.,2019
61,0,Vladimir Guerrero Jr.,2019
62,0,Vladimir Guerrero Jr.,2019
63,1,Vladimir Guerrero Jr.,2019
64,0,Vladimir Guerrero Jr.,2019
65,1,Vladimir Guerrero Jr.,2019
66,0,Vladimir Guerrero Jr.,2019
67,0,Vladimir Guerrero Jr.,2019
68,0,Vladimir Guerrero Jr.,2019
69,0,Vladimir Guerrero Jr.,2019
70,0,Vladimir Guerrero Jr.,2019
71,1,Vladimir Guerrero Jr.,2019
72,0,Vladimir Guerrero Jr.,2019
73,0,Vladimir Guerrero Jr.,2019
74,1,Vladimir Guerrero Jr.,2019
75,0,Vladimir Guerrero Jr.,2019
76,1,Vladimir Guerrero Jr.,2019
77,0,Vladimir Guerrero Jr.,2019
78,0,Vladimir Guerrero Jr.,2019
79,0,Vladimir Guerrero Jr.,2019
80,1,Vladimir Guerrero Jr.,2019
81,1,Vladimir Guerrero Jr.,2019
82,0,Vladimir Guerrero Jr.,2019
83,0,Vladimir Guerrero Jr.,2019
84,1,Vladimir Guerrero Jr.,2019
85,0,Vladimir Guerrero Jr.,2019
86,0,Vladimir Guerrero Jr.,2019
87,0,Vladimir Guerrero Jr.,2019
88,0,Vladimir Guerrero Jr.,2019
89,1,Vladimir Guerrero Jr.,2019
90,0,Vladimir Guerrero Jr.,2019
91,0,Vladimir Guerrero Jr.,2019
92,0,Vladimir Guerrero Jr.,2019
93,0,Vladimir Guerrero Jr.,2019
94,0,Vladimir Guerrero Jr.,2019
95,0,Vladimir Guerrero Jr.,2019
96,0,Vladimir Guerrero Jr.,2019
97,1,Vladimir Guerrero Jr.,2019
98,0,Vladimir Guerrero Jr.,2019
99,0,Vladimir Guerrero Jr.,2019
100,0,Vladimir Guerrero Jr.,2019
101,0,Vladimir Guerrero Jr.,2019
102,0,Vladimir Guerrero Jr.,2019
103,1,Vladimir Guerrero Jr.,2019
104,1,Vladimir Guerrero Jr.,2019
105,0,Vladimir Guerrero Jr.,2019
106,1,Vladimir Guerrero Jr.,2019
107,1,Vladimir Guerrero Jr.,2019
108,0,Vladimir Guerrero Jr.,2019
109,0,Vladimir Guerrero Jr.,2019
110,0,Vladimir Guerrero Jr.,2019
111,0,Vladimir Guerrero Jr.,2019
112,1,Vladimir Guerrero Jr.,2019
113,0,Vladimir Guerrero Jr.,2019
114,0,Vladimir Guerrero Jr.,2019
115,0,Vladimir Guerrero Jr.,2019
116,0,Vladimir Guerrero Jr.,2019
117,1,Vladimir Guerrero Jr.,2019
118,0,Vladimir Guerrero Jr.,2019
119,1,Vladimir Guerrero Jr.,2019
120,0,Vladimir Guerrero Jr.,2019
121,0,Vladimir Guerrero Jr.,2019
122,1,Vladimir Guerrero Jr.,2019
123,0,Vladimir Guerrero Jr.,2019
124,1,Vladimir Guerrero Jr.,2019
125,0,Vladimir Guerrero Jr.,2019
126,1,Vladimir Guerrero Jr.,2019
127,0,Vladimir Guerrero Jr.,2019
128,0,Vladimir Guerrero Jr.,2019
129,0,Vladimir Guerrero Jr.,2019
130,1,Vladimir Guerrero Jr.,2019
131,0,Vladimir Guerrero Jr.,2019
132,1,Vladimir Guerrero Jr.,2019
133,0,Vladimir Guerrero Jr.,2019
134,0,Vladimir Guerrero Jr.,2019
135,1,Vladimir Guerrero Jr.,2019
136,0,Vladimir Guerrero Jr.,2019
137,0,Vladimir Guerrero Jr.,2019
138,0,Vladimir Guerrero Jr.,2019
139,0,Vladimir Guerrero Jr.,2019
140,0,Vladimir Guerrero Jr.,2019
141,0,Vladimir Guerrero Jr.,2019
142,0,Vladimir Guerrero Jr.,2019
143,0,Vladimir Guerrero Jr.,2019
144,0,Vladimir Guerrero Jr.,2019
145,0,Vladimir Guerrero Jr.,2019
146,0,Vladimir Guerrero Jr.,2019
147,1,Vladimir Guerrero Jr.,2019
148,0,Vladimir Guerrero Jr.,2019
149,1,Vladimir Guerrero Jr.,2019
150,0,Vladimir Guerrero Jr.,2019
151,0,Vladimir Guerrero Jr.,2019
152,0,Vladimir Guerrero Jr.,2019
153,0,Vladimir Guerrero Jr.,2019
154,0,Vladimir Guerrero Jr.,2019
155,0,Vladimir Guerrero Jr.,2019
156,0,Vladimir Guerrero Jr.,2019
157,0,Vladimir Guerrero Jr.,2019
158,0,Vladimir Guerrero Jr.,2019
159,1,Vladimir Guerrero Jr.,2019
160,0,Vladimir Guerrero Jr.,2019
161,1,Vladimir Guerrero Jr.,2019
162,0,Vladimir Guerrero Jr.,2019
163,0,Vladimir Guerrero Jr.,2019
164,1,Vladimir Guerrero Jr.,2019
165,0,Vladimir Guerrero Jr.,2019
166,0,Vladimir Guerrero Jr.,2019
167,0,Vladimir Guerrero Jr.,2019
168,0,Vladimir Guerrero Jr.,2019
169,0,Vladimir Guerrero Jr.,2019
170,0,Vladimir Guerrero Jr.,2019
171,0,Vladimir Guerrero Jr.,2019
172,0,Vladimir Guerrero Jr.,2019
173,1,Vladimir Guerrero Jr.,2019
174,1,Vladimir Guerrero Jr.,2019
175,0,Vladimir Guerrero Jr.,2019
176,1,Vladimir Guerrero Jr.,2019
177,1,Vladimir Guerrero Jr.,2019
178,0,Vladimir Guerrero Jr.,2019
179,0,Vladimir Guerrero Jr.,2019
180,0,Vladimir Guerrero Jr.,2019
181,0,Vladimir Guerrero Jr.,2019
182,1,Vladimir Guerrero Jr.,2019
183,1,Vladimir Guerrero Jr.,2019
184,0,Vladimir Guerrero Jr.,2019
185,0,Vladimir Guerrero Jr.,2019
186,0,Vladimir Guerrero Jr.,2019
187,0,Vladimir Guerrero Jr.,2019
188,0,Vladimir Guerrero Jr.,2019
189,1,Vladimir Guerrero Jr.,2019
190,0,Vladimir Guerrero Jr.,2019
191,0,Vladimir Guerrero Jr.,2019
192,1,Vladimir Guerrero Jr.,2019
193,1,Vladimir Guerrero Jr.,2019
194,1,Vladimir Guerrero Jr.,2019
195,1,Vladimir Guerrero Jr.,2019
196,0,Vladimir Guerrero Jr.,2019
197,0,Vladimir Guerrero Jr.,2019
198,0,Vladimir Guerrero Jr.,2019
199,1,Vladimir Guerrero Jr.,2019
200,0,Vladimir Guerrero Jr.,2019
201,1,Vladimir Guerrero Jr.,2019
202,0,Vladimir Guerrero Jr.,2019
203,0,Vladimir Guerrero Jr.,2019
204,0,Vladimir Guerrero Jr.,2019
205,1,Vladimir Guerrero Jr.,2019
206,0,Vladimir Guerrero Jr.,2019
207,0,Vladimir Guerrero Jr.,2019
208,0,Vladimir Guerrero Jr.,2019
209,0,Vladimir Guerrero Jr.,2019
210,0,Vladimir Guerrero Jr.,2019
211,0,Vladimir Guerrero Jr.,2019
212,0,Vladimir Guerrero Jr.,2019
213,1,Vladimir Guerrero Jr.,2019
214,1,Vladimir Guerrero Jr.,2019
215,0,Vladimir Guerrero Jr.,2019
216,0,Vladimir Guerrero Jr.,2019
217,0,Vladimir Guerrero Jr.,2019
218,0,Vladimir Guerrero Jr.,2019
219,1,Vladimir Guerrero Jr.,2019
220,1,Vladimir Guerrero Jr.,2019
221,0,Vladimir Guerrero Jr.,2019
222,0,Vladimir Guerrero Jr.,2019
223,0,Vladimir Guerrero Jr.,2019
224,0,Vladimir Guerrero Jr.,2019
225,1,Vladimir Guerrero Jr.,2019
226,1,Vladimir Guerrero Jr.,2019
227,0,Vladimir Guerrero Jr.,2019
228,0,Vladimir Guerrero Jr.,2019
229,0,Vladimir Guerrero Jr.,2019
230,0,Vladimir Guerrero Jr.,2019
231,1,Vladimir Guerrero Jr.,2019
232,0,Vladimir Guerrero Jr.,2019
233,0,Vladimir Guerrero Jr.,2019
234,0,Vladimir Guerrero Jr.,2019
235,0,Vladimir Guerrero Jr.,2019
236,0,Vladimir Guerrero Jr.,2019
237,1,Vladimir Guerrero Jr.,2019
238,0,Vladimir Guerrero Jr.,2019
239,0,Vladimir Guerrero Jr.,2019
240,0,Vladimir Guerrero Jr.,2019
241,0,Vladimir Guerrero Jr.,2019
242,1,Vladimir Guerrero Jr.,2019
243,1,Vladimir Guerrero Jr.,2019
244,0,Vladimir Guerrero Jr.,2019
245,0,Vladimir Guerrero Jr.,2019
246,0,Vladimir Guerrero Jr.,2019
247,0,Vladimir Guerrero Jr.,2019
248,0,Vladimir Guerrero Jr.,2019
249,0,Vladimir Guerrero Jr.,2019
250,1,Vladimir Guerrero Jr.,2019
251,1,Vladimir Guerrero Jr.,2019
252,1,Vladimir Guerrero Jr.,2019
253,0,Vladimir Guerrero Jr.,2019
254,1,Vladimir Guerrero Jr.,2019
255,1,Vladimir Guerrero Jr.,2019
256,0,Vladimir Guerrero Jr.,2019
257,0,Vladimir Guerrero Jr.,2019
258,0,Vladimir Guerrero Jr.,2019
259,0,Vladimir Guerrero Jr.,2019
260,0,Vladimir Guerrero Jr.,2019
261,0,Vladimir Guerrero Jr.,2019
262,0,Vladimir Guerrero Jr.,2019
263,1,Vladimir Guerrero Jr.,2019
264,0,Vladimir Guerrero Jr.,2019
265,0,Vladimir Guerrero Jr.,2019
266,1,Vladimir Guerrero Jr.,2019
267,0,Vladimir Guerrero Jr.,2019
268,0,Vladimir Guerrero Jr.,2019
269,0,Vladimir Guerrero Jr.,2019
270,0,Vladimir Guerrero Jr.,2019
271,0,Vladimir Guerrero Jr.,2019
272,0,Vladimir Guerrero Jr.,2019
273,1,Vladimir Guerrero Jr.,2019
274,0,Vladimir Guerrero Jr.,2019
275,1,Vladimir Guerrero Jr.,2019
276,0,Vladimir Guerrero Jr.,2019
277,0,Vladimir Guerrero Jr.,2019
278,1,Vladimir Guerrero Jr.,2019
279,0,Vladimir Guerrero Jr.,2019
280,0,Vladimir Guerrero Jr.,2019
281,1,Vladimir Guerrero Jr.,2019
282,0,Vladimir Guerrero Jr.,2019
283,0,Vladimir Guerrero Jr.,2019
284,1,Vladimir Guerrero Jr.,2019
285,0,Vladimir Guerrero Jr.,2019
286,0,Vladimir Guerrero Jr.,2019
287,0,Vladimir Guerrero Jr.,2019
288,0,Vladimir Guerrero Jr.,2019
289,0,Vladimir Guerrero Jr.,2019
290,0,Vladimir Guerrero Jr.,2019
291,0,Vladimir Guerrero Jr.,2019
292,1,Vladimir Guerrero Jr.,2019
293,0,Vladimir Guerrero Jr.,2019
294,0,Vladimir Guerrero Jr.,2019
295,0,Vladimir Guerrero Jr.,2019
296,0,Vladimir Guerrero Jr.,2019
297,0,Vladimir Guerrero Jr.,2019
298,0,Vladimir Guerrero Jr.,2019
299,0,Vladimir Guerrero Jr.,2019
300,0,Vladimir Guerrero Jr.,2019
301,0,Vladimir Guerrero Jr.,2019
302,0,Vladimir Guerrero Jr.,2019
303,1,Vladimir Guerrero Jr.,2019
304,0,Vladimir Guerrero Jr.,2019
305,0,Vladimir Guerrero Jr.,2019
306,0,Vladimir Guerrero Jr.,2019
307,0,Vladimir Guerrero Jr.,2019
308,0,Vladimir Guerrero Jr.,2019
309,0,Vladimir Guerrero Jr.,2019
310,0,Vladimir Guerrero Jr.,2019
311,1,Vladimir Guerrero Jr.,2019
312,0,Vladimir Guerrero Jr.,2019
313,0,Vladimir Guerrero Jr.,2019
314,1,Vladimir Guerrero Jr.,2019
315,0,Vladimir Guerrero Jr.,2019
316,0,Vladimir Guerrero Jr.,2019
317,1,Vladimir Guerrero Jr.,2019
318,0,Vladimir Guerrero Jr.,2019
319,0,Vladimir Guerrero Jr.,2019
320,1,Vladimir Guerrero Jr.,2019
321,0,Vladimir Guerrero Jr.,2019
322,0,Vladimir Guerrero Jr.,2019
323,0,Vladimir Guerrero Jr.,2019
324,0,Vladimir Guerrero Jr.,2019
325,0,Vladimir Guerrero Jr.,2019
326,0,Vladimir Guerrero Jr.,2019
327,0,Vladimir Guerrero Jr.,2019
328,1,Vladimir Guerrero Jr.,2019
329,0,Vladimir Guerrero Jr.,2019
330,0,Vladimir Guerrero Jr.,2019
331,1,Vladimir Guerrero Jr.,2019
332,1,Vladimir Guerrero Jr.,2019
333,1,Vladimir Guerrero Jr.,2019
334,0,Vladimir Guerrero Jr.,2019
335,0,Vladimir Guerrero Jr.,2019
336,1,Vladimir Guerrero Jr.,2019
337,1,Vladimir Guerrero Jr.,2019
338,0,Vladimir Guerrero Jr.,2019
339,0,Vladimir Guerrero Jr.,2019
340,1,Vladimir Guerrero Jr.,2019
341,0,Vladimir Guerrero Jr.,2019
342,0,Vladimir Guerrero Jr.,2019
343,1,Vladimir Guerrero Jr.,2019
344,0,Vladimir Guerrero Jr.,2019
345,0,Vladimir Guerrero Jr.,2019
346,0,Vladimir Guerrero Jr.,2019
347,0,Vladimir Guerrero Jr.,2019
348,1,Vladimir Guerrero Jr.,2019
349,0,Vladimir Guerrero Jr.,2019
350,0,Vladimir Guerrero Jr.,2019
351,0,Vladimir Guerrero Jr.,2019
352,0,Vladimir Guerrero Jr.,2019
353,1,Vladimir Guerrero Jr.,2019
354,0,Vladimir Guerrero Jr.,2019
355,1,Vladimir Guerrero Jr.,2019
356,0,Vladimir Guerrero Jr.,2019
357,0,Vladimir Guerrero Jr.,2019
358,0,Vladimir Guerrero Jr.,2019
359,0,Vladimir Guerrero Jr.,2019
360,0,Vladimir Guerrero Jr.,2019
361,0,Vladimir Guerrero Jr.,2019
362,0,Vladimir Guerrero Jr.,2019
363,0,Vladimir Guerrero Jr.,2019
364,1,Vladimir Guerrero Jr.,2019
365,0,Vladimir Guerrero Jr.,2019
366,0,Vladimir Guerrero Jr.,2019
367,0,Vladimir Guerrero Jr.,2019
368,1,Vladimir Guerrero Jr.,2019
369,1,Vladimir Guerrero Jr.,2019
370,0,Vladimir Guerrero Jr.,2019
371,0,Vladimir Guerrero Jr.,2019
372,0,Vladimir Guerrero Jr.,2019
373,1,Vladimir Guerrero Jr.,2019
374,1,Vladimir Guerrero Jr.,2019
375,0,Vladimir Guerrero Jr.,2019
376,0,Vladimir Guerrero Jr.,2019
377,0,Vladimir Guerrero Jr.,2019
378,0,Vladimir Guerrero Jr.,2019
379,0,Vladimir Guerrero Jr.,2019
380,0,Vladimir Guerrero Jr.,2019
381,1,Vladimir Guerrero Jr.,2019
382,0,Vladimir Guerrero Jr.,2019
383,0,Vladimir Guerrero Jr.,2019
384,1,Vladimir Guerrero Jr.,2019
385,0,Vladimir Guerrero Jr.,2019
386,1,Vladimir Guerrero Jr.,2019
387,0,Vladimir Guerrero Jr.,2019
388,0,Vladimir Guerrero Jr.,2019
389,0,Vladimir Guerrero Jr.,2019
390,0,Vladimir Guerrero Jr.,2019
391,0,Vladimir Guerrero Jr.,2019
392,0,Vladimir Guerrero Jr.,2019
393,0,Vladimir Guerrero Jr.,2019
394,1,Vladimir Guerrero Jr.,2019
395,1,Vladimir Guerrero Jr.,2019
396,0,Vladimir Guerrero Jr.,2019
397,1,Vladimir Guerrero Jr.,2019
398,0,Vladimir Guerrero Jr.,2019
399,0,Vladimir Guerrero Jr.,2019
400,1,Vladimir Guerrero Jr.,2019
401,0,Vladimir Guerrero Jr.,2019
402,1,Vladimir Guerrero Jr.,2019
403,0,Vladimir Guerrero Jr.,2019
404,0,Vladimir Guerrero Jr.,2019
405,0,Vladimir Guerrero Jr.,2019
406,0,Vladimir Guerrero Jr.,2019
407,0,Vladimir Guerrero Jr.,2019
408,0,Vladimir Guerrero Jr.,2019
409,0,Vladimir Guerrero Jr.,2019
410,1,Vladimir Guerrero Jr.,2019
411,1,Vladimir Guerrero Jr.,2019
412,0,Vladimir Guerrero Jr.,2019
413,1,Vladimir Guerrero Jr.,2019
414,0,Vladimir Guerrero Jr.,2019
415,0,Vladimir Guerrero Jr.,2019
416,0,Vladimir Guerrero Jr.,2019
417,1,Vladimir Guerrero Jr.,2019
418,0,Vladimir Guerrero Jr.,2019
419,0,Vladimir Guerrero Jr.,2019
420,0,Vladimir Guerrero Jr.,2019
421,0,Vladimir Guerrero Jr.,2019
422,1,Vladimir Guerrero Jr.,2019
423,1,Vladimir Guerrero Jr.,2019
424,0,Vladimir Guerrero Jr.,2019
425,0,Vladimir Guerrero Jr.,2019
426,0,Vladimir Guerrero Jr.,2019
427,1,Vladimir Guerrero Jr.,2019
428,0,Vladimir Guerrero Jr.,2019
429,1,Vladimir Guerrero Jr.,2019
430,0,Vladimir Guerrero Jr.,2019
431,0,Vladimir Guerrero Jr.,2019
432,0,Vladimir Guerrero Jr.,2019
433,1,Vladimir Guerrero Jr.,2019
434,1,Vladimir Guerrero Jr.,2019
435,0,Vladimir Guerrero Jr.,2019
436,0,Vladimir Guerrero Jr.,2019
437,0,Vladimir Guerrero Jr.,2019
438,0,Vladimir Guerrero Jr.,2019
439,0,Vladimir Guerrero Jr.,2019
440,0,Vladimir Guerrero Jr.,2019
441,0,Vladimir Guerrero Jr.,2019
442,1,Vladimir Guerrero Jr.,2019
443,0,Vladimir Guerrero Jr.,2019
444,1,Vladimir Guerrero Jr.,2019
445,0,Vladimir Guerrero Jr.,2019
446,0,Vladimir Guerrero Jr.,2019
447,0,Vladimir Guerrero Jr.,2019
448,0,Vladimir Guerrero Jr.,2019
449,0,Vladimir Guerrero Jr.,2019
450,0,Vladimir Guerrero Jr.,2019
451,0,Vladimir Guerrero Jr.,2019
452,0,Vladimir Guerrero Jr.,2019
453,0,Vladimir Guerrero Jr.,2019
454,0,Vladimir Guerrero Jr.,2019
455,0,Vladimir Guerrero Jr.,2019
456,1,Vladimir Guerrero Jr.,2019
457,0,Vladimir Guerrero Jr.,2019
458,0,Vladimir Guerrero Jr.,2019
459,0,Vladimir Guerrero Jr.,2019
460,0,Vladimir Guerrero Jr.,2019
461,0,Vladimir Guerrero Jr.,2019
462,0,Vladimir Guerrero Jr.,2019
463,0,Vladimir Guerrero Jr.,2019
0,0,Vladimir Guerrero Jr.,2020
1,0,Vladimir Guerrero Jr.,2020
2,1,Vladimir Guerrero Jr.,2020
3,1,Vladimir Guerrero Jr.,2020
4,0,Vladimir Guerrero Jr.,2020
5,0,Vladimir Guerrero Jr.,2020
6,1,Vladimir Guerrero Jr.,2020
7,0,Vladimir Guerrero Jr.,2020
8,0,Vladimir Guerrero Jr.,2020
9,0,Vladimir Guerrero Jr.,2020
10,0,Vladimir Guerrero Jr.,2020
11,1,Vladimir Guerrero Jr.,2020
12,0,Vladimir Guerrero Jr.,2020
13,1,Vladimir Guerrero Jr.,2020
14,1,Vladimir Guerrero Jr.,2020
15,0,Vladimir Guerrero Jr.,2020
16,0,Vladimir Guerrero Jr.,2020
17,0,Vladimir Guerrero Jr.,2020
18,0,Vladimir Guerrero Jr.,2020
19,0,Vladimir Guerrero Jr.,2020
20,0,Vladimir Guerrero Jr.,2020
21,1,Vladimir Guerrero Jr.,2020
22,1,Vladimir Guerrero Jr.,2020
23,1,Vladimir Guerrero Jr.,2020
24,0,Vladimir Guerrero Jr.,2020
25,0,Vladimir Guerrero Jr.,2020
26,1,Vladimir Guerrero Jr.,2020
27,0,Vladimir Guerrero Jr.,2020
28,0,Vladimir Guerrero Jr.,2020
29,0,Vladimir Guerrero Jr.,2020
30,0,Vladimir Guerrero Jr.,2020
31,1,Vladimir Guerrero Jr.,2020
32,0,Vladimir Guerrero Jr.,2020
33,0,Vladimir Guerrero Jr.,2020
34,0,Vladimir Guerrero Jr.,2020
35,0,Vladimir Guerrero Jr.,2020
36,0,Vladimir Guerrero Jr.,2020
37,0,Vladimir Guerrero Jr.,2020
38,0,Vladimir Guerrero Jr.,2020
39,0,Vladimir Guerrero Jr.,2020
40,0,Vladimir Guerrero Jr.,2020
41,1,Vladimir Guerrero Jr.,2020
42,0,Vladimir Guerrero Jr.,2020
43,0,Vladimir Guerrero Jr.,2020
44,0,Vladimir Guerrero Jr.,2020
45,0,Vladimir Guerrero Jr.,2020
46,0,Vladimir Guerrero Jr.,2020
47,0,Vladimir Guerrero Jr.,2020
48,0,Vladimir Guerrero Jr.,2020
49,1,Vladimir Guerrero Jr.,2020
50,0,Vladimir Guerrero Jr.,2020
51,0,Vladimir Guerrero Jr.,2020
52,1,Vladimir Guerrero Jr.,2020
53,0,Vladimir Guerrero Jr.,2020
54,1,Vladimir Guerrero Jr.,2020
55,0,Vladimir Guerrero Jr.,2020
56,0,Vladimir Guerrero Jr.,2020
57,1,Vladimir Guerrero Jr.,2020
58,0,Vladimir Guerrero Jr.,2020
59,0,Vladimir Guerrero Jr.,2020
60,0,Vladimir Guerrero Jr.,2020
61,0,Vladimir Guerrero Jr.,2020
62,0,Vladimir Guerrero Jr.,2020
63,1,Vladimir Guerrero Jr.,2020
64,0,Vladimir Guerrero Jr.,2020
65,1,Vladimir Guerrero Jr.,2020
66,1,Vladimir Guerrero Jr.,2020
67,0,Vladimir Guerrero Jr.,2020
68,0,Vladimir Guerrero Jr.,2020
69,0,Vladimir Guerrero Jr.,2020
70,0,Vladimir Guerrero Jr.,2020
71,0,Vladimir Guerrero Jr.,2020
72,1,Vladimir Guerrero Jr.,2020
73,1,Vladimir Guerrero Jr.,2020
74,1,Vladimir Guerrero Jr.,2020
75,0,Vladimir Guerrero Jr.,2020
76,0,Vladimir Guerrero Jr.,2020
77,0,Vladimir Guerrero Jr.,2020
78,0,Vladimir Guerrero Jr.,2020
79,0,Vladimir Guerrero Jr.,2020
80,0,Vladimir Guerrero Jr.,2020
81,0,Vladimir Guerrero Jr.,2020
82,0,Vladimir Guerrero Jr.,2020
83,0,Vladimir Guerrero Jr.,2020
84,0,Vladimir Guerrero Jr.,2020
85,1,Vladimir Guerrero Jr.,2020
86,0,Vladimir Guerrero Jr.,2020
87,1,Vladimir Guerrero Jr.,2020
88,0,Vladimir Guerrero Jr.,2020
89,0,Vladimir Guerrero Jr.,2020
90,0,Vladimir Guerrero Jr.,2020
91,1,Vladimir Guerrero Jr.,2020
92,1,Vladimir Guerrero Jr.,2020
93,0,Vladimir Guerrero Jr.,2020
94,1,Vladimir Guerrero Jr.,2020
95,0,Vladimir Guerrero Jr.,2020
96,0,Vladimir Guerrero Jr.,2020
97,0,Vladimir Guerrero Jr.,2020
98,0,Vladimir Guerrero Jr.,2020
99,0,Vladimir Guerrero Jr.,2020
100,1,Vladimir Guerrero Jr.,2020
101,1,Vladimir Guerrero Jr.,2020
102,0,Vladimir Guerrero Jr.,2020
103,0,Vladimir Guerrero Jr.,2020
104,0,Vladimir Guerrero Jr.,2020
105,0,Vladimir Guerrero Jr.,2020
106,0,Vladimir Guerrero Jr.,2020
107,1,Vladimir Guerrero Jr.,2020
108,0,Vladimir Guerrero Jr.,2020
109,0,Vladimir Guerrero Jr.,2020
110,1,Vladimir Guerrero Jr.,2020
111,0,Vladimir Guerrero Jr.,2020
112,0,Vladimir Guerrero Jr.,2020
113,0,Vladimir Guerrero Jr.,2020
114,0,Vladimir Guerrero Jr.,2020
115,0,Vladimir Guerrero Jr.,2020
116,1,Vladimir Guerrero Jr.,2020
117,0,Vladimir Guerrero Jr.,2020
118,0,Vladimir Guerrero Jr.,2020
119,1,Vladimir Guerrero Jr.,2020
120,0,Vladimir Guerrero Jr.,2020
121,0,Vladimir Guerrero Jr.,2020
122,0,Vladimir Guerrero Jr.,2020
123,0,Vladimir Guerrero Jr.,2020
124,0,Vladimir Guerrero Jr.,2020
125,1,Vladimir Guerrero Jr.,2020
126,0,Vladimir Guerrero Jr.,2020
127,0,Vladimir Guerrero Jr.,2020
128,0,Vladimir Guerrero Jr.,2020
129,1,Vladimir Guerrero Jr.,2020
130,0,Vladimir Guerrero Jr.,2020
131,0,Vladimir Guerrero Jr.,2020
132,1,Vladimir Guerrero Jr.,2020
133,1,Vladimir Guerrero Jr.,2020
134,0,Vladimir Guerrero Jr.,2020
135,0,Vladimir Guerrero Jr.,2020
136,0,Vladimir Guerrero Jr.,2020
137,0,Vladimir Guerrero Jr.,2020
138,0,Vladimir Guerrero Jr.,2020
139,0,Vladimir Guerrero Jr.,2020
140,0,Vladimir Guerrero Jr.,2020
141,1,Vladimir Guerrero Jr.,2020
142,0,Vladimir Guerrero Jr.,2020
143,0,Vladimir Guerrero Jr.,2020
144,0,Vladimir Guerrero Jr.,2020
145,1,Vladimir Guerrero Jr.,2020
146,0,Vladimir Guerrero Jr.,2020
147,1,Vladimir Guerrero Jr.,2020
148,1,Vladimir Guerrero Jr.,2020
149,0,Vladimir Guerrero Jr.,2020
150,0,Vladimir Guerrero Jr.,2020
151,0,Vladimir Guerrero Jr.,2020
152,0,Vladimir Guerrero Jr.,2020
153,0,Vladimir Guerrero Jr.,2020
154,0,Vladimir Guerrero Jr.,2020
155,1,Vladimir Guerrero Jr.,2020
156,1,Vladimir Guerrero Jr.,2020
157,0,Vladimir Guerrero Jr.,2020
158,0,Vladimir Guerrero Jr.,2020
159,0,Vladimir Guerrero Jr.,2020
160,1,Vladimir Guerrero Jr.,2020
161,1,Vladimir Guerrero Jr.,2020
162,0,Vladimir Guerrero Jr.,2020
163,0,Vladimir Guerrero Jr.,2020
164,0,Vladimir Guerrero Jr.,2020
165,0,Vladimir Guerrero Jr.,2020
166,0,Vladimir Guerrero Jr.,2020
167,0,Vladimir Guerrero Jr.,2020
168,1,Vladimir Guerrero Jr.,2020
169,1,Vladimir Guerrero Jr.,2020
170,0,Vladimir Guerrero Jr.,2020
171,1,Vladimir Guerrero Jr.,2020
172,0,Vladimir Guerrero Jr.,2020
173,0,Vladimir Guerrero Jr.,2020
174,0,Vladimir Guerrero Jr.,2020
175,0,Vladimir Guerrero Jr.,2020
176,1,Vladimir Guerrero Jr.,2020
177,1,Vladimir Guerrero Jr.,2020
178,0,Vladimir Guerrero Jr.,2020
179,0,Vladimir Guerrero Jr.,2020
180,1,Vladimir Guerrero Jr.,2020
181,0,Vladimir Guerrero Jr.,2020
182,0,Vladimir Guerrero Jr.,2020
183,0,Vladimir Guerrero Jr.,2020
184,0,Vladimir Guerrero Jr.,2020
185,0,Vladimir Guerrero Jr.,2020
186,0,Vladimir Guerrero Jr.,2020
187,0,Vladimir Guerrero Jr.,2020
188,0,Vladimir Guerrero Jr.,2020
189,0,Vladimir Guerrero Jr.,2020
190,0,Vladimir Guerrero Jr.,2020
191,0,Vladimir Guerrero Jr.,2020
192,0,Vladimir Guerrero Jr.,2020
193,0,Vladimir Guerrero Jr.,2020
194,0,Vladimir Guerrero Jr.,2020
195,0,Vladimir Guerrero Jr.,2020
196,0,Vladimir Guerrero Jr.,2020
197,0,Vladimir Guerrero Jr.,2020
198,1,Vladimir Guerrero Jr.,2020
199,0,Vladimir Guerrero Jr.,2020
200,0,Vladimir Guerrero Jr.,2020
201,0,Vladimir Guerrero Jr.,2020
202,0,Vladimir Guerrero Jr.,2020
203,0,Vladimir Guerrero Jr.,2020
204,0,Vladimir Guerrero Jr.,2020
205,0,Vladimir Guerrero Jr.,2020
206,0,Vladimir Guerrero Jr.,2020
207,0,Vladimir Guerrero Jr.,2020
208,0,Vladimir Guerrero Jr.,2020
209,1,Vladimir Guerrero Jr.,2020
210,0,Vladimir Guerrero Jr.,2020
211,0,Vladimir Guerrero Jr.,2020
212,0,Vladimir Guerrero Jr.,2020
213,0,Vladimir Guerrero Jr.,2020
214,1,Vladimir Guerrero Jr.,2020
215,1,Vladimir Guerrero Jr.,2020
216,0,Vladimir Guerrero Jr.,2020
217,1,Vladimir Guerrero Jr.,2020
218,1,Vladimir Guerrero Jr.,2020
219,0,Vladimir Guerrero Jr.,2020
220,1,Vladimir Guerrero Jr.,2020
0,0,Vladimir Guerrero Jr.,2021
1,0,Vladimir Guerrero Jr.,2021
2,1,Vladimir Guerrero Jr.,2021
3,1,Vladimir Guerrero Jr.,2021
4,0,Vladimir Guerrero Jr.,2021
5,0,Vladimir Guerrero Jr.,2021
6,1,Vladimir Guerrero Jr.,2021
7,0,Vladimir Guerrero Jr.,2021
8,0,Vladimir Guerrero Jr.,2021
9,0,Vladimir Guerrero Jr.,2021
10,1,Vladimir Guerrero Jr.,2021
11,0,Vladimir Guerrero Jr.,2021
12,0,Vladimir Guerrero Jr.,2021
13,0,Vladimir Guerrero Jr.,2021
14,0,Vladimir Guerrero Jr.,2021
15,1,Vladimir Guerrero Jr.,2021
16,1,Vladimir Guerrero Jr.,2021
17,0,Vladimir Guerrero Jr.,2021
18,0,Vladimir Guerrero Jr.,2021
19,0,Vladimir Guerrero Jr.,2021
20,1,Vladimir Guerrero Jr.,2021
21,0,Vladimir Guerrero Jr.,2021
22,1,Vladimir Guerrero Jr.,2021
23,0,Vladimir Guerrero Jr.,2021
24,0,Vladimir Guerrero Jr.,2021
25,1,Vladimir Guerrero Jr.,2021
26,1,Vladimir Guerrero Jr.,2021
27,1,Vladimir Guerrero Jr.,2021
28,1,Vladimir Guerrero Jr.,2021
29,0,Vladimir Guerrero Jr.,2021
30,1,Vladimir Guerrero Jr.,2021
31,1,Vladimir Guerrero Jr.,2021
32,0,Vladimir Guerrero Jr.,2021
33,1,Vladimir Guerrero Jr.,2021
34,1,Vladimir Guerrero Jr.,2021
35,0,Vladimir Guerrero Jr.,2021
36,0,Vladimir Guerrero Jr.,2021
37,0,Vladimir Guerrero Jr.,2021
38,0,Vladimir Guerrero Jr.,2021
39,0,Vladimir Guerrero Jr.,2021
40,0,Vladimir Guerrero Jr.,2021
41,1,Vladimir Guerrero Jr.,2021
42,1,Vladimir Guerrero Jr.,2021
43,0,Vladimir Guerrero Jr.,2021
44,0,Vladimir Guerrero Jr.,2021
45,0,Vladimir Guerrero Jr.,2021
46,0,Vladimir Guerrero Jr.,2021
47,0,Vladimir Guerrero Jr.,2021
48,0,Vladimir Guerrero Jr.,2021
49,0,Vladimir Guerrero Jr.,2021
50,1,Vladimir Guerrero Jr.,2021
51,0,Vladimir Guerrero Jr.,2021
52,1,Vladimir Guerrero Jr.,2021
53,1,Vladimir Guerrero Jr.,2021
54,0,Vladimir Guerrero Jr.,2021
55,0,Vladimir Guerrero Jr.,2021
56,1,Vladimir Guerrero Jr.,2021
57,0,Vladimir Guerrero Jr.,2021
58,0,Vladimir Guerrero Jr.,2021
59,1,Vladimir Guerrero Jr.,2021
60,0,Vladimir Guerrero Jr.,2021
61,0,Vladimir Guerrero Jr.,2021
62,0,Vladimir Guerrero Jr.,2021
63,0,Vladimir Guerrero Jr.,2021
64,0,Vladimir Guerrero Jr.,2021
65,1,Vladimir Guerrero Jr.,2021
66,1,Vladimir Guerrero Jr.,2021
67,1,Vladimir Guerrero Jr.,2021
68,1,Vladimir Guerrero Jr.,2021
69,0,Vladimir Guerrero Jr.,2021
70,1,Vladimir Guerrero Jr.,2021
71,0,Vladimir Guerrero Jr.,2021
72,0,Vladimir Guerrero Jr.,2021
73,0,Vladimir Guerrero Jr.,2021
74,0,Vladimir Guerrero Jr.,2021
75,0,Vladimir Guerrero Jr.,2021
76,0,Vladimir Guerrero Jr.,2021
77,0,Vladimir Guerrero Jr.,2021
78,0,Vladimir Guerrero Jr.,2021
79,1,Vladimir Guerrero Jr.,2021
80,0,Vladimir Guerrero Jr.,2021
81,1,Vladimir Guerrero Jr.,2021
82,0,Vladimir Guerrero Jr.,2021
83,0,Vladimir Guerrero Jr.,2021
84,1,Vladimir Guerrero Jr.,2021
85,1,Vladimir Guerrero Jr.,2021
86,1,Vladimir Guerrero Jr.,2021
87,0,Vladimir Guerrero Jr.,2021
88,0,Vladimir Guerrero Jr.,2021
89,1,Vladimir Guerrero Jr.,2021
90,0,Vladimir Guerrero Jr.,2021
91,0,Vladimir Guerrero Jr.,2021
92,0,Vladimir Guerrero Jr.,2021
93,0,Vladimir Guerrero Jr.,2021
94,1,Vladimir Guerrero Jr.,2021
95,0,Vladimir Guerrero Jr.,2021
96,0,Vladimir Guerrero Jr.,2021
97,1,Vladimir Guerrero Jr.,2021
98,0,Vladimir Guerrero Jr.,2021
99,0,Vladimir Guerrero Jr.,2021
100,0,Vladimir Guerrero Jr.,2021
101,0,Vladimir Guerrero Jr.,2021
102,1,Vladimir Guerrero Jr.,2021
103,0,Vladimir Guerrero Jr.,2021
104,1,Vladimir Guerrero Jr.,2021
105,0,Vladimir Guerrero Jr.,2021
106,0,Vladimir Guerrero Jr.,2021
107,0,Vladimir Guerrero Jr.,2021
108,0,Vladimir Guerrero Jr.,2021
109,1,Vladimir Guerrero Jr.,2021
110,0,Vladimir Guerrero Jr.,2021
111,1,Vladimir Guerrero Jr.,2021
112,0,Vladimir Guerrero Jr.,2021
113,0,Vladimir Guerrero Jr.,2021
114,1,Vladimir Guerrero Jr.,2021
115,0,Vladimir Guerrero Jr.,2021
116,1,Vladimir Guerrero Jr.,2021
117,0,Vladimir Guerrero Jr.,2021
118,0,Vladimir Guerrero Jr.,2021
119,0,Vladimir Guerrero Jr.,2021
120,0,Vladimir Guerrero Jr.,2021
121,1,Vladimir Guerrero Jr.,2021
122,0,Vladimir Guerrero Jr.,2021
123,1,Vladimir Guerrero Jr.,2021
124,0,Vladimir Guerrero Jr.,2021
125,0,Vladimir Guerrero Jr.,2021
126,0,Vladimir Guerrero Jr.,2021
127,0,Vladimir Guerrero Jr.,2021
128,0,Vladimir Guerrero Jr.,2021
129,1,Vladimir Guerrero Jr.,2021
130,0,Vladimir Guerrero Jr.,2021
131,1,Vladimir Guerrero Jr.,2021
132,0,Vladimir Guerrero Jr.,2021
133,0,Vladimir Guerrero Jr.,2021
134,0,Vladimir Guerrero Jr.,2021
135,1,Vladimir Guerrero Jr.,2021
136,0,Vladimir Guerrero Jr.,2021
137,1,Vladimir Guerrero Jr.,2021
138,0,Vladimir Guerrero Jr.,2021
139,0,Vladimir Guerrero Jr.,2021
140,0,Vladimir Guerrero Jr.,2021
141,0,Vladimir Guerrero Jr.,2021
142,0,Vladimir Guerrero Jr.,2021
143,0,Vladimir Guerrero Jr.,2021
144,1,Vladimir Guerrero Jr.,2021
145,0,Vladimir Guerrero Jr.,2021
146,0,Vladimir Guerrero Jr.,2021
147,0,Vladimir Guerrero Jr.,2021
148,0,Vladimir Guerrero Jr.,2021
149,1,Vladimir Guerrero Jr.,2021
150,0,Vladimir Guerrero Jr.,2021
151,1,Vladimir Guerrero Jr.,2021
152,0,Vladimir Guerrero Jr.,2021
153,0,Vladimir Guerrero Jr.,2021
154,0,Vladimir Guerrero Jr.,2021
155,0,Vladimir Guerrero Jr.,2021
156,0,Vladimir Guerrero Jr.,2021
157,0,Vladimir Guerrero Jr.,2021
158,0,Vladimir Guerrero Jr.,2021
159,1,Vladimir Guerrero Jr.,2021
160,0,Vladimir Guerrero Jr.,2021
161,0,Vladimir Guerrero Jr.,2021
162,0,Vladimir Guerrero Jr.,2021
163,0,Vladimir Guerrero Jr.,2021
164,1,Vladimir Guerrero Jr.,2021
165,1,Vladimir Guerrero Jr.,2021
166,1,Vladimir Guerrero Jr.,2021
167,0,Vladimir Guerrero Jr.,2021
168,0,Vladimir Guerrero Jr.,2021
169,0,Vladimir Guerrero Jr.,2021
170,0,Vladimir Guerrero Jr.,2021
171,0,Vladimir Guerrero Jr.,2021
172,0,Vladimir Guerrero Jr.,2021
173,1,Vladimir Guerrero Jr.,2021
174,1,Vladimir Guerrero Jr.,2021
175,1,Vladimir Guerrero Jr.,2021
176,0,Vladimir Guerrero Jr.,2021
177,0,Vladimir Guerrero Jr.,2021
178,0,Vladimir Guerrero Jr.,2021
179,1,Vladimir Guerrero Jr.,2021
180,0,Vladimir Guerrero Jr.,2021
181,1,Vladimir Guerrero Jr.,2021
182,0,Vladimir Guerrero Jr.,2021
183,1,Vladimir Guerrero Jr.,2021
184,1,Vladimir Guerrero Jr.,2021
185,0,Vladimir Guerrero Jr.,2021
186,0,Vladimir Guerrero Jr.,2021
187,0,Vladimir Guerrero Jr.,2021
188,1,Vladimir Guerrero Jr.,2021
189,1,Vladimir Guerrero Jr.,2021
190,0,Vladimir Guerrero Jr.,2021
191,0,Vladimir Guerrero Jr.,2021
192,0,Vladimir Guerrero Jr.,2021
193,0,Vladimir Guerrero Jr.,2021
194,0,Vladimir Guerrero Jr.,2021
195,1,Vladimir Guerrero Jr.,2021
196,0,Vladimir Guerrero Jr.,2021
197,0,Vladimir Guerrero Jr.,2021
198,0,Vladimir Guerrero Jr.,2021
199,0,Vladimir Guerrero Jr.,2021
200,0,Vladimir Guerrero Jr.,2021
201,0,Vladimir Guerrero Jr.,2021
202,0,Vladimir Guerrero Jr.,2021
203,0,Vladimir Guerrero Jr.,2021
204,1,Vladimir Guerrero Jr.,2021
205,0,Vladimir Guerrero Jr.,2021
206,0,Vladimir Guerrero Jr.,2021
207,1,Vladimir Guerrero Jr.,2021
208,1,Vladimir Guerrero Jr.,2021
209,0,Vladimir Guerrero Jr.,2021
210,1,Vladimir Guerrero Jr.,2021
211,1,Vladimir Guerrero Jr.,2021
212,0,Vladimir Guerrero Jr.,2021
